{
  "approach": "jade",
  "task": "9-class",
  "dataset": "faced",
  "run_stem": "jade_faced_9-class_w10s10_pool_no_r16_a0.3_t0.2_context_b256_lr0.0004_fullft",
  "ckpt_root": "outputs/jade_checkpoints",
  "completed_at": "2026-05-21T17:36:48.485725",
  "n_folds_run": 10,
  "n_subjects": 123,
  "subject_wise": {
    "mean_acc": 0.620305845915602,
    "std_acc": 0.1470233394649532,
    "min_acc": 0.10714285714285714,
    "max_acc": 0.8690476190476191
  },
  "window_wise_acc": 0.620305845915602,
  "classification_report": {
    "labels": [
      0,
      1,
      2,
      3,
      4,
      5,
      6,
      7,
      8
    ],
    "confusion_matrix": [
      [
        708,
        53,
        38,
        61,
        95,
        31,
        52,
        36,
        33
      ],
      [
        68,
        679,
        32,
        79,
        125,
        27,
        40,
        33,
        24
      ],
      [
        46,
        29,
        698,
        68,
        94,
        66,
        34,
        29,
        43
      ],
      [
        55,
        80,
        67,
        540,
        179,
        31,
        65,
        51,
        39
      ],
      [
        93,
        106,
        64,
        151,
        808,
        59,
        78,
        64,
        53
      ],
      [
        24,
        29,
        37,
        56,
        76,
        779,
        38,
        35,
        33
      ],
      [
        48,
        45,
        34,
        58,
        87,
        36,
        716,
        49,
        34
      ],
      [
        47,
        55,
        34,
        53,
        78,
        37,
        46,
        719,
        38
      ],
      [
        26,
        25,
        47,
        52,
        75,
        44,
        54,
        22,
        762
      ]
    ],
    "per_class": {
      "precision": [
        0.635,
        0.6167,
        0.6641,
        0.483,
        0.4997,
        0.7018,
        0.6376,
        0.6927,
        0.7195
      ],
      "recall": [
        0.6396,
        0.6134,
        0.6305,
        0.4878,
        0.5474,
        0.7037,
        0.6468,
        0.6495,
        0.6883
      ],
      "f1": [
        0.6373,
        0.615,
        0.6469,
        0.4854,
        0.5225,
        0.7028,
        0.6422,
        0.6704,
        0.7036
      ],
      "support": [
        1107,
        1107,
        1107,
        1107,
        1476,
        1107,
        1107,
        1107,
        1107
      ]
    },
    "macro": {
      "precision": 0.6278,
      "recall": 0.623,
      "f1": 0.6251,
      "auroc": 0.9018
    },
    "auroc_per_class": [
      0.9078,
      0.9034,
      0.9102,
      0.8509,
      0.8533,
      0.9308,
      0.9102,
      0.9233,
      0.9261
    ]
  },
  "per_subject_acc": {
    "4": 0.4880952380952381,
    "10": 0.7261904761904762,
    "18": 0.6904761904761905,
    "31": 0.7142857142857143,
    "40": 0.7261904761904762,
    "45": 0.8452380952380952,
    "47": 0.7261904761904762,
    "53": 0.7380952380952381,
    "55": 0.7619047619047619,
    "62": 0.7976190476190477,
    "76": 0.5238095238095238,
    "89": 0.5595238095238095,
    "100": 0.3333333333333333,
    "0": 0.6785714285714286,
    "11": 0.75,
    "24": 0.8333333333333334,
    "26": 0.7023809523809523,
    "42": 0.6190476190476191,
    "44": 0.7976190476190477,
    "56": 0.6071428571428571,
    "66": 0.7261904761904762,
    "77": 0.6547619047619048,
    "91": 0.40476190476190477,
    "93": 0.5833333333333334,
    "108": 0.5119047619047619,
    "116": 0.6190476190476191,
    "12": 0.8214285714285714,
    "15": 0.6904761904761905,
    "22": 0.7142857142857143,
    "30": 0.20238095238095238,
    "36": 0.5833333333333334,
    "73": 0.5833333333333334,
    "78": 0.5238095238095238,
    "84": 0.6904761904761905,
    "90": 0.38095238095238093,
    "94": 0.7619047619047619,
    "117": 0.5119047619047619,
    "118": 0.3333333333333333,
    "120": 0.5238095238095238,
    "5": 0.6428571428571429,
    "9": 0.6071428571428571,
    "25": 0.75,
    "28": 0.7619047619047619,
    "33": 0.6547619047619048,
    "39": 0.7619047619047619,
    "64": 0.40476190476190477,
    "65": 0.7261904761904762,
    "69": 0.6547619047619048,
    "70": 0.5238095238095238,
    "101": 0.40476190476190477,
    "121": 0.6309523809523809,
    "7": 0.44047619047619047,
    "16": 0.7142857142857143,
    "27": 0.7619047619047619,
    "34": 0.5357142857142857,
    "35": 0.6666666666666666,
    "43": 0.8690476190476191,
    "49": 0.5,
    "67": 0.34523809523809523,
    "68": 0.6071428571428571,
    "80": 0.5714285714285714,
    "81": 0.47619047619047616,
    "110": 0.5357142857142857,
    "3": 0.4523809523809524,
    "6": 0.7261904761904762,
    "8": 0.6309523809523809,
    "13": 0.7380952380952381,
    "17": 0.7023809523809523,
    "19": 0.8214285714285714,
    "38": 0.7976190476190477,
    "72": 0.4880952380952381,
    "95": 0.5833333333333334,
    "98": 0.6190476190476191,
    "107": 0.6547619047619048,
    "112": 0.7142857142857143,
    "46": 0.8690476190476191,
    "50": 0.6904761904761905,
    "54": 0.75,
    "61": 0.5714285714285714,
    "79": 0.6071428571428571,
    "83": 0.6547619047619048,
    "85": 0.4880952380952381,
    "96": 0.7857142857142857,
    "97": 0.39285714285714285,
    "105": 0.6190476190476191,
    "113": 0.5833333333333334,
    "119": 0.6666666666666666,
    "32": 0.7023809523809523,
    "41": 0.75,
    "48": 0.8214285714285714,
    "57": 0.7380952380952381,
    "58": 0.6428571428571429,
    "59": 0.6190476190476191,
    "63": 0.7261904761904762,
    "75": 0.5238095238095238,
    "88": 0.39285714285714285,
    "104": 0.36904761904761907,
    "114": 0.4642857142857143,
    "115": 0.6785714285714286,
    "1": 0.7023809523809523,
    "2": 0.7261904761904762,
    "21": 0.7261904761904762,
    "23": 0.10714285714285714,
    "29": 0.44047619047619047,
    "37": 0.7619047619047619,
    "52": 0.7380952380952381,
    "87": 0.47619047619047616,
    "99": 0.5119047619047619,
    "103": 0.5833333333333334,
    "109": 0.5476190476190477,
    "111": 0.42857142857142855,
    "14": 0.8333333333333334,
    "20": 0.6309523809523809,
    "51": 0.6071428571428571,
    "60": 0.6785714285714286,
    "71": 0.7261904761904762,
    "74": 0.5833333333333334,
    "82": 0.75,
    "86": 0.20238095238095238,
    "92": 0.8214285714285714,
    "102": 0.5119047619047619,
    "106": 0.5833333333333334,
    "122": 0.5952380952380952
  },
  "per_subject_support": {
    "4": 84,
    "10": 84,
    "18": 84,
    "31": 84,
    "40": 84,
    "45": 84,
    "47": 84,
    "53": 84,
    "55": 84,
    "62": 84,
    "76": 84,
    "89": 84,
    "100": 84,
    "0": 84,
    "11": 84,
    "24": 84,
    "26": 84,
    "42": 84,
    "44": 84,
    "56": 84,
    "66": 84,
    "77": 84,
    "91": 84,
    "93": 84,
    "108": 84,
    "116": 84,
    "12": 84,
    "15": 84,
    "22": 84,
    "30": 84,
    "36": 84,
    "73": 84,
    "78": 84,
    "84": 84,
    "90": 84,
    "94": 84,
    "117": 84,
    "118": 84,
    "120": 84,
    "5": 84,
    "9": 84,
    "25": 84,
    "28": 84,
    "33": 84,
    "39": 84,
    "64": 84,
    "65": 84,
    "69": 84,
    "70": 84,
    "101": 84,
    "121": 84,
    "7": 84,
    "16": 84,
    "27": 84,
    "34": 84,
    "35": 84,
    "43": 84,
    "49": 84,
    "67": 84,
    "68": 84,
    "80": 84,
    "81": 84,
    "110": 84,
    "3": 84,
    "6": 84,
    "8": 84,
    "13": 84,
    "17": 84,
    "19": 84,
    "38": 84,
    "72": 84,
    "95": 84,
    "98": 84,
    "107": 84,
    "112": 84,
    "46": 84,
    "50": 84,
    "54": 84,
    "61": 84,
    "79": 84,
    "83": 84,
    "85": 84,
    "96": 84,
    "97": 84,
    "105": 84,
    "113": 84,
    "119": 84,
    "32": 84,
    "41": 84,
    "48": 84,
    "57": 84,
    "58": 84,
    "59": 84,
    "63": 84,
    "75": 84,
    "88": 84,
    "104": 84,
    "114": 84,
    "115": 84,
    "1": 84,
    "2": 84,
    "21": 84,
    "23": 84,
    "29": 84,
    "37": 84,
    "52": 84,
    "87": 84,
    "99": 84,
    "103": 84,
    "109": 84,