{
  "approach": "lp",
  "task": "9-class",
  "dataset": "faced",
  "run_stem": "lp_faced_v2_9-class_w10s10_pool_no_official_nomixup_gen_s123",
  "completed_at": "2026-06-01T07:16:09.709668",
  "n_folds_run": 10,
  "n_subjects": 123,
  "gen_seed": 123,
  "subject_wise": {
    "mean_acc": 0.1598915989159892,
    "std_acc": 0.06745087457569172,
    "min_acc": 0.0,
    "max_acc": 0.3333333333333333
  },
  "window_wise_acc": 0.15989159891598917,
  "classification_report": {
    "labels": [
      0,
      1,
      2,
      3,
      4,
      5,
      6,
      7,
      8
    ],
    "confusion_matrix": [
      [
        22,
        136,
        7,
        10,
        81,
        19,
        21,
        28,
        45
      ],
      [
        35,
        137,
        5,
        13,
        91,
        12,
        12,
        25,
        39
      ],
      [
        14,
        113,
        15,
        43,
        85,
        21,
        12,
        26,
        40
      ],
      [
        42,
        89,
        17,
        11,
        115,
        14,
        19,
        22,
        40
      ],
      [
        23,
        93,
        8,
        19,
        161,
        12,
        16,
        18,
        19
      ],
      [
        21,
        80,
        25,
        23,
        91,
        34,
        23,
        32,
        40
      ],
      [
        50,
        80,
        13,
        12,
        113,
        9,
        18,
        11,
        63
      ],
      [
        33,
        106,
        13,
        13,
        101,
        4,
        16,
        55,
        28
      ],
      [
        27,
        30,
        29,
        3,
        71,
        51,
        49,
        31,
        78
      ]
    ],
    "per_class": {
      "precision": [
        0.0824,
        0.1586,
        0.1136,
        0.0748,
        0.1771,
        0.1932,
        0.0968,
        0.2218,
        0.199
      ],
      "recall": [
        0.0596,
        0.3713,
        0.0407,
        0.0298,
        0.4363,
        0.0921,
        0.0488,
        0.1491,
        0.2114
      ],
      "f1": [
        0.0692,
        0.2222,
        0.0599,
        0.0426,
        0.252,
        0.1248,
        0.0649,
        0.1783,
        0.205
      ],
      "support": [
        369,
        369,
        369,
        369,
        369,
        369,
        369,
        369,
        369
      ]
    },
    "macro": {
      "precision": 0.1464,
      "recall": 0.1599,
      "f1": 0.1354,
      "auroc": 0.5275
    },
    "auroc_per_class": [
      0.4668,
      0.5798,
      0.4724,
      0.4945,
      0.596,
      0.5412,
      0.4542,
      0.5891,
      0.5531
    ]
  },
  "per_subject_acc": {
    "4": 0.2962962962962963,
    "10": 0.07407407407407407,
    "18": 0.2222222222222222,
    "31": 0.07407407407407407,
    "40": 0.14814814814814814,
    "45": 0.2222222222222222,
    "47": 0.07407407407407407,
    "53": 0.3333333333333333,
    "55": 0.2222222222222222,
    "62": 0.1111111111111111,
    "76": 0.07407407407407407,
    "89": 0.18518518518518517,
    "100": 0.1111111111111111,
    "0": 0.18518518518518517,
    "11": 0.1111111111111111,
    "24": 0.1111111111111111,
    "26": 0.14814814814814814,
    "42": 0.1111111111111111,
    "44": 0.1111111111111111,
    "56": 0.14814814814814814,
    "66": 0.1111111111111111,
    "77": 0.1111111111111111,
    "91": 0.1111111111111111,
    "93": 0.1111111111111111,
    "108": 0.1111111111111111,
    "116": 0.1111111111111111,
    "12": 0.2222222222222222,
    "15": 0.14814814814814814,
    "22": 0.14814814814814814,
    "30": 0.3333333333333333,
    "36": 0.14814814814814814,
    "73": 0.1111111111111111,
    "78": 0.1111111111111111,
    "84": 0.18518518518518517,
    "90": 0.1111111111111111,
    "94": 0.2222222222222222,
    "117": 0.1111111111111111,
    "118": 0.1111111111111111,
    "120": 0.14814814814814814,
    "5": 0.14814814814814814,
    "9": 0.1111111111111111,
    "25": 0.2222222222222222,
    "28": 0.1111111111111111,
    "33": 0.2222222222222222,
    "39": 0.1111111111111111,
    "64": 0.1111111111111111,
    "65": 0.2222222222222222,
    "69": 0.14814814814814814,
    "70": 0.0,
    "101": 0.18518518518518517,
    "121": 0.18518518518518517,
    "7": 0.14814814814814814,
    "16": 0.18518518518518517,
    "27": 0.2222222222222222,
    "34": 0.18518518518518517,
    "35": 0.18518518518518517,
    "43": 0.2962962962962963,
    "49": 0.1111111111111111,
    "67": 0.1111111111111111,
    "68": 0.1111111111111111,
    "80": 0.1111111111111111,
    "81": 0.037037037037037035,
    "110": 0.14814814814814814,
    "3": 0.1111111111111111,
    "6": 0.1111111111111111,
    "8": 0.3333333333333333,
    "13": 0.25925925925925924,
    "17": 0.18518518518518517,
    "19": 0.18518518518518517,
    "38": 0.25925925925925924,
    "72": 0.1111111111111111,
    "95": 0.14814814814814814,
    "98": 0.14814814814814814,
    "107": 0.18518518518518517,
    "112": 0.14814814814814814,
    "46": 0.2222222222222222,
    "50": 0.25925925925925924,
    "54": 0.2962962962962963,
    "61": 0.2222222222222222,
    "79": 0.25925925925925924,
    "83": 0.14814814814814814,
    "85": 0.14814814814814814,
    "96": 0.1111111111111111,
    "97": 0.07407407407407407,
    "105": 0.037037037037037035,
    "113": 0.2222222222222222,
    "119": 0.18518518518518517,
    "32": 0.037037037037037035,
    "41": 0.14814814814814814,
    "48": 0.14814814814814814,
    "57": 0.14814814814814814,
    "58": 0.2222222222222222,
    "59": 0.14814814814814814,
    "63": 0.1111111111111111,
    "75": 0.14814814814814814,
    "88": 0.14814814814814814,
    "104": 0.1111111111111111,
    "114": 0.18518518518518517,
    "115": 0.2962962962962963,
    "1": 0.18518518518518517,
    "2": 0.1111111111111111,
    "21": 0.18518518518518517,
    "23": 0.07407407407407407,
    "29": 0.1111111111111111,
    "37": 0.1111111111111111,
    "52": 0.1111111111111111,
    "87": 0.14814814814814814,
    "99": 0.2222222222222222,
    "103": 0.14814814814814814,
    "109": 0.1111111111111111,
    "111": 0.2222222222222222,
    "14": 0.2222222222222222,
    "20": 0.07407407407407407,
    "51": 0.2962962962962963,
    "60": 0.2962962962962963,
    "71": 0.18518518518518517,
    "74": 0.18518518518518517,
    "82": 0.07407407407407407,
    "86": 0.1111111111111111,
    "92": 0.14814814814814814,
    "102": 0.18518518518518517,
    "106": 0.14814814814814814,
    "122": 0.2962962962962963
  },
  "per_subject_support": {
    "4": 27,
    "10": 27,
    "18": 27,
    "31": 27,
    "40": 27,
    "45": 27,
    "47": 27,
    "53": 27,
    "55": 27,
    "62": 27,
    "76": 27,
    "89": 27,
    "100": 27,
    "0": 27,
    "11": 27,
    "24": 27,
    "26": 27,
    "42": 27,
    "44": 27,
    "56": 27,
    "66": 27,
    "77": 27,
    "91": 27,
    "93": 27,
    "108": 27,
    "116": 27,
    "12": 27,
    "15": 27,
    "22": 27,
    "30": 27,
    "36": 27,
    "73": 27,
    "78": 27,
    "84": 27,
    "90": 27,
    "94": 27,
    "117": 27,
    "118": 27,
    "120": 27,
    "5": 27,
    "9": 27,
    "25": 27,
    "28": 27,
    "33": 27,
    "39": 27,
    "64": 27,
    "65": 27,
    "69": 27,
    "70": 27,
    "101": 27,
    "121": 27,
    "7": 27,
    "16": 27,
    "27": 27,
    "34": 27,
    "35": 27,
    "43": 27,
    "49": 27,
    "67": 27,
    "68": 27,
    "80": 27,
    "81": 27,
    "110": 27,
    "3": 27,
    "6": 27,
    "8": 27,
    "13": 27,
    "17": 27,
    "19": 27,
    "38": 27,
    "72": 27,
    "95": 27,
    "98": 27,
    "107": 27,
    "112": 27,
    "46": 27,
    "50": 27,
    "54": 27,
    "61": 27,
    "79": 27,
    "83": 27,
    "85": 27,
    "96": 27,
    "97": 27,
    "105": 27,
    "113": 27,
    "119": 27,
    "32": 27,
    "41": 27,
    "48": 27,
    "57": 27,
    "58": 27,
    "59": 27,
    "63": 27,
    "75": 27,
    "88": 27,
    "104": 27,
    "114": 27,
    "115": 27,
    "1": 27,
    "2": 27,
    "21": 27,
    "23": 27,
    "29": 27,
    "37": 27,
    "52": 27,
    "87": 27,
    "99": 27,