{
  "approach": "lp",
  "task": "9-class",
  "dataset": "faced",
  "run_stem": "lp_faced_v2_9-class_w10s10_pool_no_official_nomixup_gen_s789",
  "completed_at": "2026-06-01T07:40:48.771210",
  "n_folds_run": 10,
  "n_subjects": 123,
  "gen_seed": 789,
  "subject_wise": {
    "mean_acc": 0.16169828364950317,
    "std_acc": 0.06973771995642168,
    "min_acc": 0.037037037037037035,
    "max_acc": 0.3333333333333333
  },
  "window_wise_acc": 0.16169828364950317,
  "classification_report": {
    "labels": [
      0,
      1,
      2,
      3,
      4,
      5,
      6,
      7,
      8
    ],
    "confusion_matrix": [
      [
        31,
        105,
        13,
        24,
        86,
        28,
        14,
        47,
        21
      ],
      [
        33,
        95,
        20,
        39,
        79,
        39,
        12,
        37,
        15
      ],
      [
        16,
        63,
        20,
        84,
        60,
        53,
        7,
        37,
        29
      ],
      [
        26,
        67,
        14,
        50,
        81,
        55,
        12,
        44,
        20
      ],
      [
        26,
        51,
        13,
        42,
        145,
        34,
        11,
        33,
        14
      ],
      [
        10,
        29,
        32,
        18,
        46,
        56,
        10,
        75,
        93
      ],
      [
        59,
        34,
        33,
        66,
        89,
        23,
        12,
        31,
        22
      ],
      [
        36,
        46,
        34,
        50,
        75,
        11,
        15,
        75,
        27
      ],
      [
        53,
        34,
        37,
        36,
        76,
        28,
        12,
        40,
        53
      ]
    ],
    "per_class": {
      "precision": [
        0.1069,
        0.1813,
        0.0926,
        0.1222,
        0.1967,
        0.1713,
        0.1143,
        0.179,
        0.1803
      ],
      "recall": [
        0.084,
        0.2575,
        0.0542,
        0.1355,
        0.393,
        0.1518,
        0.0325,
        0.2033,
        0.1436
      ],
      "f1": [
        0.0941,
        0.2128,
        0.0684,
        0.1285,
        0.2622,
        0.1609,
        0.0506,
        0.1904,
        0.1599
      ],
      "support": [
        369,
        369,
        369,
        369,
        369,
        369,
        369,
        369,
        369
      ]
    },
    "macro": {
      "precision": 0.1494,
      "recall": 0.1617,
      "f1": 0.1475,
      "auroc": 0.5362
    },
    "auroc_per_class": [
      0.4869,
      0.5581,
      0.4595,
      0.5141,
      0.6422,
      0.5679,
      0.4645,
      0.5659,
      0.5664
    ]
  },
  "per_subject_acc": {
    "4": 0.25925925925925924,
    "10": 0.037037037037037035,
    "18": 0.1111111111111111,
    "31": 0.037037037037037035,
    "40": 0.14814814814814814,
    "45": 0.2962962962962963,
    "47": 0.18518518518518517,
    "53": 0.3333333333333333,
    "55": 0.18518518518518517,
    "62": 0.14814814814814814,
    "76": 0.2222222222222222,
    "89": 0.2222222222222222,
    "100": 0.14814814814814814,
    "0": 0.14814814814814814,
    "11": 0.14814814814814814,
    "24": 0.18518518518518517,
    "26": 0.2222222222222222,
    "42": 0.18518518518518517,
    "44": 0.2222222222222222,
    "56": 0.1111111111111111,
    "66": 0.14814814814814814,
    "77": 0.037037037037037035,
    "91": 0.18518518518518517,
    "93": 0.1111111111111111,
    "108": 0.1111111111111111,
    "116": 0.07407407407407407,
    "12": 0.037037037037037035,
    "15": 0.25925925925925924,
    "22": 0.2222222222222222,
    "30": 0.2222222222222222,
    "36": 0.07407407407407407,
    "73": 0.1111111111111111,
    "78": 0.1111111111111111,
    "84": 0.14814814814814814,
    "90": 0.07407407407407407,
    "94": 0.14814814814814814,
    "117": 0.1111111111111111,
    "118": 0.18518518518518517,
    "120": 0.14814814814814814,
    "5": 0.2222222222222222,
    "9": 0.2222222222222222,
    "25": 0.14814814814814814,
    "28": 0.2222222222222222,
    "33": 0.2222222222222222,
    "39": 0.14814814814814814,
    "64": 0.14814814814814814,
    "65": 0.14814814814814814,
    "69": 0.18518518518518517,
    "70": 0.14814814814814814,
    "101": 0.1111111111111111,
    "121": 0.1111111111111111,
    "7": 0.037037037037037035,
    "16": 0.14814814814814814,
    "27": 0.1111111111111111,
    "34": 0.14814814814814814,
    "35": 0.18518518518518517,
    "43": 0.18518518518518517,
    "49": 0.1111111111111111,
    "67": 0.18518518518518517,
    "68": 0.07407407407407407,
    "80": 0.14814814814814814,
    "81": 0.2222222222222222,
    "110": 0.2222222222222222,
    "3": 0.25925925925925924,
    "6": 0.1111111111111111,
    "8": 0.3333333333333333,
    "13": 0.14814814814814814,
    "17": 0.1111111111111111,
    "19": 0.25925925925925924,
    "38": 0.3333333333333333,
    "72": 0.1111111111111111,
    "95": 0.18518518518518517,
    "98": 0.18518518518518517,
    "107": 0.18518518518518517,
    "112": 0.07407407407407407,
    "46": 0.14814814814814814,
    "50": 0.2222222222222222,
    "54": 0.2222222222222222,
    "61": 0.2962962962962963,
    "79": 0.2222222222222222,
    "83": 0.037037037037037035,
    "85": 0.2222222222222222,
    "96": 0.07407407407407407,
    "97": 0.037037037037037035,
    "105": 0.2222222222222222,
    "113": 0.18518518518518517,
    "119": 0.14814814814814814,
    "32": 0.14814814814814814,
    "41": 0.1111111111111111,
    "48": 0.1111111111111111,
    "57": 0.1111111111111111,
    "58": 0.25925925925925924,
    "59": 0.07407407407407407,
    "63": 0.14814814814814814,
    "75": 0.14814814814814814,
    "88": 0.25925925925925924,
    "104": 0.2222222222222222,
    "114": 0.14814814814814814,
    "115": 0.3333333333333333,
    "1": 0.14814814814814814,
    "2": 0.18518518518518517,
    "21": 0.1111111111111111,
    "23": 0.18518518518518517,
    "29": 0.18518518518518517,
    "37": 0.14814814814814814,
    "52": 0.037037037037037035,
    "87": 0.1111111111111111,
    "99": 0.2222222222222222,
    "103": 0.2962962962962963,
    "109": 0.18518518518518517,
    "111": 0.07407407407407407,
    "14": 0.14814814814814814,
    "20": 0.07407407407407407,
    "51": 0.18518518518518517,
    "60": 0.18518518518518517,
    "71": 0.18518518518518517,
    "74": 0.18518518518518517,
    "82": 0.07407407407407407,
    "86": 0.07407407407407407,
    "92": 0.07407407407407407,
    "102": 0.14814814814814814,
    "106": 0.1111111111111111,
    "122": 0.25925925925925924
  },
  "per_subject_support": {
    "4": 27,
    "10": 27,
    "18": 27,
    "31": 27,
    "40": 27,
    "45": 27,
    "47": 27,
    "53": 27,
    "55": 27,
    "62": 27,
    "76": 27,
    "89": 27,
    "100": 27,
    "0": 27,
    "11": 27,
    "24": 27,
    "26": 27,
    "42": 27,
    "44": 27,
    "56": 27,
    "66": 27,
    "77": 27,
    "91": 27,
    "93": 27,
    "108": 27,
    "116": 27,
    "12": 27,
    "15": 27,
    "22": 27,
    "30": 27,
    "36": 27,
    "73": 27,
    "78": 27,
    "84": 27,
    "90": 27,
    "94": 27,
    "117": 27,
    "118": 27,
    "120": 27,
    "5": 27,
    "9": 27,
    "25": 27,
    "28": 27,
    "33": 27,
    "39": 27,
    "64": 27,
    "65": 27,
    "69": 27,
    "70": 27,
    "101": 27,
    "121": 27,
    "7": 27,
    "16": 27,
    "27": 27,
    "34": 27,
    "35": 27,
    "43": 27,
    "49": 27,
    "67": 27,
    "68": 27,
    "80": 27,
    "81": 27,
    "110": 27,
    "3": 27,
    "6": 27,
    "8": 27,
    "13": 27,
    "17": 27,
    "19": 27,
    "38": 27,
    "72": 27,
    "95": 27,
    "98": 27,
    "107": 27,
    "112": 27,
    "46": 27,
    "50": 27,
    "54": 27,
    "61": 27,
    "79": 27,
    "83": 27,
    "85": 27,
    "96": 27,
    "97": 27,
    "105": 27,
    "113": 27,
    "119": 27,
    "32": 27,
    "41": 27,
    "48": 27,
    "57": 27,
    "58": 27,
    "59": 27,
    "63": 27,
    "75": 27,
    "88": 27,
    "104": 27,
    "114": 27,
    "115": 27,
    "1": 27,
    "2": 27,
    "21": 27,
    "23": 27,
    "29": 27,