{
  "approach": "lp",
  "task": "9-class",
  "dataset": "faced",
  "run_stem": "lp_faced_v2_9-class_w10s10_pool_no_official_nomixup_gen_avg",
  "completed_at": "2026-06-04T10:28:08.693940",
  "gen_seeds": [
    123,
    789
  ],
  "n_seeds": 2,
  "n_subjects": 123,
  "subject_wise": {
    "mean_acc": 0.16079494128274616,
    "std_acc": 0.05765693235651654,
    "min_acc": 0.05555555555555555,
    "max_acc": 0.3333333333333333
  },
  "window_wise_acc": 0.16079494128274616,
  "classification_report": {
    "labels": [
      0,
      1,
      2,
      3,
      4,
      5,
      6,
      7,
      8
    ],
    "confusion_matrix": [
      [
        53,
        241,
        20,
        34,
        167,
        47,
        35,
        75,
        66
      ],
      [
        68,
        232,
        25,
        52,
        170,
        51,
        24,
        62,
        54
      ],
      [
        30,
        176,
        35,
        127,
        145,
        74,
        19,
        63,
        69
      ],
      [
        68,
        156,
        31,
        61,
        196,
        69,
        31,
        66,
        60
      ],
      [
        49,
        144,
        21,
        61,
        306,
        46,
        27,
        51,
        33
      ],
      [
        31,
        109,
        57,
        41,
        137,
        90,
        33,
        107,
        133
      ],
      [
        109,
        114,
        46,
        78,
        202,
        32,
        30,
        42,
        85
      ],
      [
        69,
        152,
        47,
        63,
        176,
        15,
        31,
        130,
        55
      ],
      [
        80,
        64,
        66,
        39,
        147,
        79,
        61,
        71,
        131
      ]
    ],
    "per_class": {
      "precision": [
        0.0952,
        0.1671,
        0.1006,
        0.1097,
        0.1859,
        0.1789,
        0.1031,
        0.1949,
        0.191
      ],
      "recall": [
        0.0718,
        0.3144,
        0.0474,
        0.0827,
        0.4146,
        0.122,
        0.0407,
        0.1762,
        0.1775
      ],
      "f1": [
        0.0819,
        0.2183,
        0.0645,
        0.0943,
        0.2567,
        0.145,
        0.0583,
        0.1851,
        0.184
      ],
      "support": [
        738,
        738,
        738,
        738,
        738,
        738,
        738,
        738,
        738
      ]
    },
    "macro": {
      "precision": 0.1474,
      "recall": 0.1608,
      "f1": 0.1431,
      "auroc": 0.5319
    },
    "auroc_per_class": [
      0.4791,
      0.5689,
      0.4669,
      0.5049,
      0.6157,
      0.5554,
      0.4642,
      0.5773,
      0.5546
    ]
  },
  "per_subject_acc": {
    "4": 0.2777777777777778,
    "10": 0.05555555555555555,
    "18": 0.16666666666666666,
    "31": 0.05555555555555555,
    "40": 0.14814814814814814,
    "45": 0.25925925925925924,
    "47": 0.12962962962962962,
    "53": 0.3333333333333333,
    "55": 0.2037037037037037,
    "62": 0.12962962962962962,
    "76": 0.14814814814814814,
    "89": 0.2037037037037037,
    "100": 0.12962962962962962,
    "0": 0.16666666666666666,
    "11": 0.12962962962962962,
    "24": 0.14814814814814814,
    "26": 0.18518518518518517,
    "42": 0.14814814814814814,
    "44": 0.16666666666666666,
    "56": 0.12962962962962962,
    "66": 0.12962962962962962,
    "77": 0.07407407407407407,
    "91": 0.14814814814814814,
    "93": 0.1111111111111111,
    "108": 0.1111111111111111,
    "116": 0.09259259259259259,
    "12": 0.12962962962962962,
    "15": 0.2037037037037037,
    "22": 0.18518518518518517,
    "30": 0.2777777777777778,
    "36": 0.1111111111111111,
    "73": 0.1111111111111111,
    "78": 0.1111111111111111,
    "84": 0.16666666666666666,
    "90": 0.09259259259259259,
    "94": 0.18518518518518517,
    "117": 0.1111111111111111,
    "118": 0.14814814814814814,
    "120": 0.14814814814814814,
    "5": 0.18518518518518517,
    "9": 0.16666666666666666,
    "25": 0.18518518518518517,
    "28": 0.16666666666666666,
    "33": 0.2222222222222222,
    "39": 0.12962962962962962,
    "64": 0.12962962962962962,
    "65": 0.18518518518518517,
    "69": 0.16666666666666666,
    "70": 0.07407407407407407,
    "101": 0.14814814814814814,
    "121": 0.14814814814814814,
    "7": 0.09259259259259259,
    "16": 0.16666666666666666,
    "27": 0.16666666666666666,
    "34": 0.16666666666666666,
    "35": 0.18518518518518517,
    "43": 0.24074074074074073,
    "49": 0.1111111111111111,
    "67": 0.14814814814814814,
    "68": 0.09259259259259259,
    "80": 0.12962962962962962,
    "81": 0.12962962962962962,
    "110": 0.18518518518518517,
    "3": 0.18518518518518517,
    "6": 0.1111111111111111,
    "8": 0.3333333333333333,
    "13": 0.2037037037037037,
    "17": 0.14814814814814814,
    "19": 0.2222222222222222,
    "38": 0.2962962962962963,
    "72": 0.1111111111111111,
    "95": 0.16666666666666666,
    "98": 0.16666666666666666,
    "107": 0.18518518518518517,
    "112": 0.1111111111111111,
    "46": 0.18518518518518517,
    "50": 0.24074074074074073,
    "54": 0.25925925925925924,
    "61": 0.25925925925925924,
    "79": 0.24074074074074073,
    "83": 0.09259259259259259,
    "85": 0.18518518518518517,
    "96": 0.09259259259259259,
    "97": 0.05555555555555555,
    "105": 0.12962962962962962,
    "113": 0.2037037037037037,
    "119": 0.16666666666666666,
    "32": 0.09259259259259259,
    "41": 0.12962962962962962,
    "48": 0.12962962962962962,
    "57": 0.12962962962962962,
    "58": 0.24074074074074073,
    "59": 0.1111111111111111,
    "63": 0.12962962962962962,
    "75": 0.14814814814814814,
    "88": 0.2037037037037037,
    "104": 0.16666666666666666,
    "114": 0.16666666666666666,
    "115": 0.31481481481481477,
    "1": 0.16666666666666666,
    "2": 0.14814814814814814,
    "21": 0.14814814814814814,
    "23": 0.12962962962962962,
    "29": 0.14814814814814814,
    "37": 0.12962962962962962,
    "52": 0.07407407407407407,
    "87": 0.12962962962962962,
    "99": 0.2222222222222222,
    "103": 0.2222222222222222,
    "109": 0.14814814814814814,
    "111": 0.14814814814814814,
    "14": 0.18518518518518517,
    "20": 0.07407407407407407,
    "51": 0.24074074074074073,
    "60": 0.24074074074074073,
    "71": 0.18518518518518517,
    "74": 0.18518518518518517,
    "82": 0.07407407407407407,
    "86": 0.09259259259259259,
    "92": 0.1111111111111111,
    "102": 0.16666666666666666,
    "106": 0.12962962962962962,
    "122": 0.2777777777777778
  },
  "per_subject_support": {
    "0": 54,
    "1": 54,
    "2": 54,
    "3": 54,
    "4": 54,
    "5": 54,
    "6": 54,
    "7": 54,
    "8": 54,
    "9": 54,
    "10": 54,
    "11": 54,
    "12": 54,
    "13": 54,
    "14": 54,
    "15": 54,
    "16": 54,
    "17": 54,
    "18": 54,
    "19": 54,
    "20": 54,
    "21": 54,
    "22": 54,
    "23": 54,
    "24": 54,
    "25": 54,
    "26": 54,
    "27": 54,
    "28": 54,
    "29": 54,
    "30": 54,
    "31": 54,
    "32": 54,
    "33": 54,
    "34": 54,
    "35": 54,
    "36": 54,
    "37": 54,
    "38": 54,
    "39": 54,
    "40": 54,
    "41": 54,
    "42": 54,
    "43": 54,
    "44": 54,
    "45": 54,
    "46": 54,
    "47": 54,
    "48": 54,
    "49": 54,
    "50": 54,
    "51": 54,
    "52": 54,
    "53": 54,
    "54": 54,
    "55": 54,
    "56": 54,
    "57": 54,
    "58": 54,
    "59": 54,
    "60": 54,
    "61": 54,
    "62": 54,
    "63": 54,
    "64": 54,
    "65": 54,
    "66": 54,
    "67": 54,
    "68": 54,
    "69": 54,
    "70": 54,
    "71": 54,
    "72": 54,
    "73": 54,
    "74": 54,
    "75": 54,
    "76": 54,
    "77": 54,
    "78": 54,
    "79": 54,
    "80": 54,
    "81": 54,
    "82": 54,
    "83": 54,
    "84": 54,
    "85": 54,
    "86": 54,
    "87": 54,
    "88": 54,
    "89": 54,
    "90": 54,
    "91": 54,
    "92": 54,
    "93": 54,
    "94": 54,
    "95": 54,
    "96": 54,
    "97": 54,
    "98": 54,
    "99": 54,
    "100": 54,
    "101": 54,