{
  "dataset": "faced",
  "task_mode": "9-class",
  "completed_at": "2026-06-06T22:59:42.132783",
  "n_folds_run": 1,
  "mean": {
    "train_loss": 3.934,
    "val_acc": 0.5357,
    "val_bal_acc": 0.5389,
    "val_auroc": 0.8589,
    "val_f1": 0.5327
  },
  "std": {
    "train_loss": 0.0,
    "val_acc": 0.0,
    "val_bal_acc": 0.0,
    "val_auroc": 0.0,
    "val_f1": 0.0
  },
  "folds": [
    {
      "fold": 1,
      "train_loss": 3.934029740256232,
      "val_loss": 3.188927269680596,
      "val_acc": 0.5357142857142857,
      "val_bal_acc": 0.5389363722697057,
      "val_auroc": 0.8588809902111184,
      "val_f1": 0.5326644978186089,
      "best_epoch": 3,
      "lp_epochs_trained": 20,
      "ft_epochs_trained": 23,
      "lp_train_loss": 1.4747675963350244,
      "lp_val_acc": 0.49725274725274726
    }
  ],
  "approach": "jade_lora",
  "lora_rank": 16,
  "supcon_alpha": 0.3,
  "supcon_temperature": 0.2,
  "supcon_repr": "context"
}