{
  "dataset": "faced",
  "task_mode": "9-class",
  "completed_at": "2026-06-06T23:22:47.481145",
  "n_folds_run": 1,
  "mean": {
    "train_loss": 3.7699,
    "val_acc": 0.5778,
    "val_bal_acc": 0.5772,
    "val_auroc": 0.8854,
    "val_f1": 0.5733
  },
  "std": {
    "train_loss": 0.0,
    "val_acc": 0.0,
    "val_bal_acc": 0.0,
    "val_auroc": 0.0,
    "val_f1": 0.0
  },
  "folds": [
    {
      "fold": 1,
      "train_loss": 3.7699166697424813,
      "val_loss": 3.74224060184353,
      "val_acc": 0.5778388278388278,
      "val_bal_acc": 0.5771604938271604,
      "val_auroc": 0.8853801562081477,
      "val_f1": 0.5733333771012286,
      "best_epoch": 31,
      "lp_epochs_trained": 20,
      "ft_epochs_trained": 51,
      "lp_train_loss": 1.4747675963350244,
      "lp_val_acc": 0.49725274725274726
    }
  ],
  "approach": "jade_lora",
  "lora_rank": 16,
  "supcon_alpha": 0.3,
  "supcon_temperature": 0.2,
  "supcon_repr": "context"
}