{
  "dataset": "faced",
  "task_mode": "binary",
  "completed_at": "2026-06-07T08:56:14.893468",
  "n_folds_run": 1,
  "mean": {
    "train_loss": 3.8494,
    "val_acc": 0.7778,
    "val_bal_acc": 0.7778,
    "val_auroc": 0.8508,
    "val_f1": 0.7778
  },
  "std": {
    "train_loss": 0.0,
    "val_acc": 0.0,
    "val_bal_acc": 0.0,
    "val_auroc": 0.0,
    "val_f1": 0.0
  },
  "folds": [
    {
      "fold": 1,
      "train_loss": 3.8493954596980924,
      "val_loss": 1.8785294039636595,
      "val_acc": 0.7777777777777778,
      "val_bal_acc": 0.7777777777777778,
      "val_auroc": 0.8507811929286287,
      "val_f1": 0.7777615429573349,
      "best_epoch": 33,
      "lp_epochs_trained": 20,
      "ft_epochs_trained": 53,
      "lp_train_loss": 2.111279147286569,
      "lp_val_acc": 0.6784188034188035
    }
  ],
  "approach": "jade_lora",
  "lora_rank": 16,
  "supcon_alpha": 0.2,
  "supcon_temperature": 0.05,
  "supcon_repr": "context"
}