{
  "dataset": "faced",
  "task_mode": "9-class",
  "completed_at": "2026-06-09T23:20:02.754464",
  "n_folds_run": 1,
  "mean": {
    "train_loss": 3.7036,
    "val_acc": 0.5485,
    "val_bal_acc": 0.548,
    "val_auroc": 0.8731,
    "val_f1": 0.5447
  },
  "std": {
    "train_loss": 0.0,
    "val_acc": 0.0,
    "val_bal_acc": 0.0,
    "val_auroc": 0.0,
    "val_f1": 0.0
  },
  "folds": [
    {
      "fold": 1,
      "train_loss": 3.7035604232066386,
      "val_loss": 3.7298045664916546,
      "val_acc": 0.5485347985347986,
      "val_bal_acc": 0.5479582146248814,
      "val_auroc": 0.8730525878442545,
      "val_f1": 0.5446758148223806,
      "best_epoch": 66,
      "lp_epochs_trained": 20,
      "ft_epochs_trained": 86,
      "lp_train_loss": 1.4747675963350244,
      "lp_val_acc": 0.49725274725274726
    }
  ],
  "approach": "jade_lora",
  "lora_rank": 16,
  "supcon_alpha": 0.3,
  "supcon_temperature": 0.2,
  "supcon_repr": "context"
}