{
  "dataset": "faced",
  "task_mode": "binary",
  "completed_at": "2026-06-07T09:11:29.983906",
  "n_folds_run": 1,
  "mean": {
    "train_loss": 4.1099,
    "val_acc": 0.7137,
    "val_bal_acc": 0.7137,
    "val_auroc": 0.808,
    "val_f1": 0.7089
  },
  "std": {
    "train_loss": 0.0,
    "val_acc": 0.0,
    "val_bal_acc": 0.0,
    "val_auroc": 0.0,
    "val_f1": 0.0
  },
  "folds": [
    {
      "fold": 1,
      "train_loss": 4.109863777314463,
      "val_loss": 2.105827470111032,
      "val_acc": 0.7136752136752137,
      "val_bal_acc": 0.7136752136752137,
      "val_auroc": 0.8079730988384833,
      "val_f1": 0.7088903743315508,
      "best_epoch": 1,
      "lp_epochs_trained": 20,
      "ft_epochs_trained": 21,
      "lp_train_loss": 2.111279147286569,
      "lp_val_acc": 0.6784188034188035
    }
  ],
  "approach": "jade_lora",
  "lora_rank": 16,
  "supcon_alpha": 0.2,
  "supcon_temperature": 0.05,
  "supcon_repr": "context"
}