{
  "dataset": "faced",
  "task_mode": "binary",
  "completed_at": "2026-06-06T23:15:21.829383",
  "n_folds_run": 1,
  "mean": {
    "train_loss": 4.2784,
    "val_acc": 0.7286,
    "val_bal_acc": 0.7286,
    "val_auroc": 0.8114,
    "val_f1": 0.7266
  },
  "std": {
    "train_loss": 0.0,
    "val_acc": 0.0,
    "val_bal_acc": 0.0,
    "val_auroc": 0.0,
    "val_f1": 0.0
  },
  "folds": [
    {
      "fold": 1,
      "train_loss": 4.278388780932272,
      "val_loss": 2.123870605077499,
      "val_acc": 0.7286324786324786,
      "val_bal_acc": 0.7286324786324787,
      "val_auroc": 0.8113631382862152,
      "val_f1": 0.7266355140186916,
      "best_epoch": 1,
      "lp_epochs_trained": 20,
      "ft_epochs_trained": 21,
      "lp_train_loss": 2.111279147286569,
      "lp_val_acc": 0.6784188034188035
    }
  ],
  "approach": "jade_lora",
  "lora_rank": 16,
  "supcon_alpha": 0.2,
  "supcon_temperature": 0.05,
  "supcon_repr": "context"
}