{
  "approach": "lp",
  "task": "9-class",
  "dataset": "faced",
  "run_stem": "lp_faced_v2_9-class_w10s10_pool_no_official_nomixup",
  "ckpt_root": "outputs/lp_checkpoints",
  "completed_at": "2026-05-20T14:29:35.698229",
  "n_folds_run": 10,
  "n_subjects": 123,
  "subject_wise": {
    "mean_acc": 0.502710027100271,
    "std_acc": 0.13687559517000877,
    "min_acc": 0.10714285714285714,
    "max_acc": 0.8571428571428571
  },
  "window_wise_acc": 0.502710027100271,
  "classification_report": {
    "labels": [
      0,
      1,
      2,
      3,
      4,
      5,
      6,
      7,
      8
    ],
    "confusion_matrix": [
      [
        524,
        79,
        60,
        71,
        121,
        52,
        87,
        38,
        75
      ],
      [
        59,
        584,
        59,
        57,
        150,
        43,
        66,
        48,
        41
      ],
      [
        35,
        56,
        584,
        84,
        110,
        71,
        59,
        51,
        57
      ],
      [
        59,
        88,
        105,
        395,
        185,
        56,
        88,
        73,
        58
      ],
      [
        96,
        132,
        70,
        103,
        743,
        81,
        103,
        80,
        68
      ],
      [
        41,
        48,
        76,
        50,
        108,
        629,
        60,
        50,
        45
      ],
      [
        64,
        56,
        69,
        77,
        138,
        64,
        526,
        57,
        56
      ],
      [
        49,
        68,
        47,
        54,
        105,
        62,
        68,
        612,
        42
      ],
      [
        47,
        34,
        79,
        52,
        116,
        60,
        80,
        42,
        597
      ]
    ],
    "per_class": {
      "precision": [
        0.538,
        0.51,
        0.5083,
        0.4189,
        0.4184,
        0.5626,
        0.4626,
        0.5823,
        0.5746
      ],
      "recall": [
        0.4734,
        0.5276,
        0.5276,
        0.3568,
        0.5034,
        0.5682,
        0.4752,
        0.5528,
        0.5393
      ],
      "f1": [
        0.5036,
        0.5187,
        0.5177,
        0.3854,
        0.4569,
        0.5654,
        0.4688,
        0.5672,
        0.5564
      ],
      "support": [
        1107,
        1107,
        1107,
        1107,
        1476,
        1107,
        1107,
        1107,
        1107
      ]
    },
    "macro": {
      "precision": 0.5084,
      "recall": 0.5027,
      "f1": 0.5045,
      "auroc": 0.8335
    },
    "auroc_per_class": [
      0.8397,
      0.8483,
      0.8519,
      0.7655,
      0.7856,
      0.8653,
      0.821,
      0.8633,
      0.8613
    ]
  },
  "per_subject_acc": {
    "4": 0.5119047619047619,
    "10": 0.4880952380952381,
    "18": 0.27380952380952384,
    "31": 0.6190476190476191,
    "40": 0.5833333333333334,
    "45": 0.6547619047619048,
    "47": 0.47619047619047616,
    "53": 0.6428571428571429,
    "55": 0.5952380952380952,
    "62": 0.7261904761904762,
    "76": 0.44047619047619047,
    "89": 0.42857142857142855,
    "100": 0.35714285714285715,
    "0": 0.44047619047619047,
    "11": 0.5714285714285714,
    "24": 0.5714285714285714,
    "26": 0.7738095238095238,
    "42": 0.5357142857142857,
    "44": 0.6428571428571429,
    "56": 0.36904761904761907,
    "66": 0.5595238095238095,
    "77": 0.4166666666666667,
    "91": 0.25,
    "93": 0.4642857142857143,
    "108": 0.36904761904761907,
    "116": 0.44047619047619047,
    "12": 0.7023809523809523,
    "15": 0.5357142857142857,
    "22": 0.5595238095238095,
    "30": 0.2619047619047619,
    "36": 0.5476190476190477,
    "73": 0.4880952380952381,
    "78": 0.34523809523809523,
    "84": 0.5,
    "90": 0.2857142857142857,
    "94": 0.7142857142857143,
    "117": 0.44047619047619047,
    "118": 0.27380952380952384,
    "120": 0.2857142857142857,
    "5": 0.6428571428571429,
    "9": 0.5238095238095238,
    "25": 0.6785714285714286,
    "28": 0.35714285714285715,
    "33": 0.6309523809523809,
    "39": 0.5119047619047619,
    "64": 0.35714285714285715,
    "65": 0.5595238095238095,
    "69": 0.5238095238095238,
    "70": 0.40476190476190477,
    "101": 0.40476190476190477,
    "121": 0.5119047619047619,
    "7": 0.30952380952380953,
    "16": 0.5238095238095238,
    "27": 0.7261904761904762,
    "34": 0.5119047619047619,
    "35": 0.5595238095238095,
    "43": 0.8571428571428571,
    "49": 0.25,
    "67": 0.25,
    "68": 0.44047619047619047,
    "80": 0.40476190476190477,
    "81": 0.47619047619047616,
    "110": 0.32142857142857145,
    "3": 0.35714285714285715,
    "6": 0.6190476190476191,
    "8": 0.5357142857142857,
    "13": 0.6428571428571429,
    "17": 0.6071428571428571,
    "19": 0.5952380952380952,
    "38": 0.7738095238095238,
    "72": 0.35714285714285715,
    "95": 0.42857142857142855,
    "98": 0.5357142857142857,
    "107": 0.39285714285714285,
    "112": 0.5357142857142857,
    "46": 0.7261904761904762,
    "50": 0.6071428571428571,
    "54": 0.5714285714285714,
    "61": 0.4642857142857143,
    "79": 0.5714285714285714,
    "83": 0.6190476190476191,
    "85": 0.39285714285714285,
    "96": 0.6071428571428571,
    "97": 0.38095238095238093,
    "105": 0.5357142857142857,
    "113": 0.44047619047619047,
    "119": 0.5833333333333334,
    "32": 0.5952380952380952,
    "41": 0.6666666666666666,
    "48": 0.6428571428571429,
    "57": 0.5952380952380952,
    "58": 0.4642857142857143,
    "59": 0.5476190476190477,
    "63": 0.4880952380952381,
    "75": 0.5833333333333334,
    "88": 0.3333333333333333,
    "104": 0.34523809523809523,
    "114": 0.2976190476190476,
    "115": 0.5,
    "1": 0.6071428571428571,
    "2": 0.5238095238095238,
    "21": 0.6071428571428571,
    "23": 0.10714285714285714,
    "29": 0.42857142857142855,
    "37": 0.7023809523809523,
    "52": 0.5833333333333334,
    "87": 0.30952380952380953,
    "99": 0.4166666666666667,
    "103": 0.42857142857142855,
    "109": 0.4880952380952381,
    "111": 0.38095238095238093,
    "14": 0.7142857142857143,
    "20": 0.5,
    "51": 0.6428571428571429,
    "60": 0.5833333333333334,
    "71": 0.6904761904761905,
    "74": 0.44047619047619047,
    "82": 0.5595238095238095,
    "86": 0.19047619047619047,
    "92": 0.5595238095238095,
    "102": 0.5,
    "106": 0.47619047619047616,
    "122": 0.5714285714285714
  },
  "per_subject_support": {
    "4": 84,
    "10": 84,
    "18": 84,
    "31": 84,
    "40": 84,
    "45": 84,
    "47": 84,
    "53": 84,
    "55": 84,
    "62": 84,
    "76": 84,
    "89": 84,
    "100": 84,
    "0": 84,
    "11": 84,
    "24": 84,
    "26": 84,
    "42": 84,
    "44": 84,
    "56": 84,
    "66": 84,
    "77": 84,
    "91": 84,
    "93": 84,
    "108": 84,
    "116": 84,
    "12": 84,
    "15": 84,
    "22": 84,
    "30": 84,
    "36": 84,
    "73": 84,
    "78": 84,
    "84": 84,
    "90": 84,
    "94": 84,
    "117": 84,
    "118": 84,
    "120": 84,
    "5": 84,
    "9": 84,
    "25": 84,
    "28": 84,
    "33": 84,
    "39": 84,
    "64": 84,
    "65": 84,
    "69": 84,
    "70": 84,
    "101": 84,
    "121": 84,
    "7": 84,
    "16": 84,
    "27": 84,
    "34": 84,
    "35": 84,
    "43": 84,
    "49": 84,
    "67": 84,
    "68": 84,
    "80": 84,
    "81": 84,
    "110": 84,
    "3": 84,
    "6": 84,
    "8": 84,
    "13": 84,
    "17": 84,
    "19": 84,
    "38": 84,
    "72": 84,
    "95": 84,
    "98": 84,
    "107": 84,
    "112": 84,
    "46": 84,
    "50": 84,
    "54": 84,
    "61": 84,
    "79": 84,
    "83": 84,
    "85": 84,
    "96": 84,
    "97": 84,
    "105": 84,
    "113": 84,
    "119": 84,
    "32": 84,
    "41": 84,
    "48": 84,
    "57": 84,
    "58": 84,
    "59": 84,
    "63": 84,
    "75": 84,
    "88": 84,
    "104": 84,
    "114": 84,
    "115": 84,
    "1": 84,
    "2": 84,
    "21": 84,
    "23": 84,
    "29": 84,
    "37": 84,
    "52": 84,
    "87": 84,
    "99": 84,
    "103": 84,
    "109": 84,
    "111": 84,
    "14": 84,