{
  "approach": "ft",
  "task": "9-class",
  "dataset": "faced",
  "run_stem": "ft_faced_9-class_w10s10_pool_no_r16_b256_lr0.0004_nomixup_fullft_gen_s789",
  "completed_at": "2026-06-02T09:35:35.761015",
  "n_folds_run": 10,
  "n_subjects": 123,
  "gen_seed": 789,
  "subject_wise": {
    "mean_acc": 0.16049382716049385,
    "std_acc": 0.06866509317332331,
    "min_acc": 0.0,
    "max_acc": 0.3333333333333333
  },
  "window_wise_acc": 0.16049382716049382,
  "classification_report": {
    "labels": [
      0,
      1,
      2,
      3,
      4,
      5,
      6,
      7,
      8
    ],
    "confusion_matrix": [
      [
        23,
        86,
        28,
        30,
        59,
        58,
        29,
        23,
        33
      ],
      [
        29,
        70,
        12,
        51,
        76,
        68,
        21,
        19,
        23
      ],
      [
        14,
        40,
        15,
        94,
        40,
        90,
        17,
        14,
        45
      ],
      [
        14,
        55,
        12,
        66,
        60,
        89,
        34,
        20,
        19
      ],
      [
        28,
        35,
        12,
        56,
        119,
        54,
        33,
        16,
        16
      ],
      [
        8,
        16,
        26,
        20,
        40,
        113,
        32,
        44,
        70
      ],
      [
        49,
        37,
        21,
        74,
        71,
        55,
        33,
        5,
        24
      ],
      [
        30,
        46,
        22,
        66,
        58,
        44,
        32,
        51,
        20
      ],
      [
        49,
        19,
        43,
        40,
        59,
        63,
        33,
        20,
        43
      ]
    ],
    "per_class": {
      "precision": [
        0.0943,
        0.1733,
        0.0785,
        0.1328,
        0.2045,
        0.1782,
        0.125,
        0.2406,
        0.1468
      ],
      "recall": [
        0.0623,
        0.1897,
        0.0407,
        0.1789,
        0.3225,
        0.3062,
        0.0894,
        0.1382,
        0.1165
      ],
      "f1": [
        0.075,
        0.1811,
        0.0536,
        0.1524,
        0.2503,
        0.2253,
        0.1043,
        0.1756,
        0.1299
      ],
      "support": [
        369,
        369,
        369,
        369,
        369,
        369,
        369,
        369,
        369
      ]
    },
    "macro": {
      "precision": 0.1527,
      "recall": 0.1605,
      "f1": 0.1497,
      "auroc": 0.5376
    },
    "auroc_per_class": [
      0.4855,
      0.5661,
      0.4182,
      0.5103,
      0.6283,
      0.6183,
      0.4639,
      0.6018,
      0.5455
    ]
  },
  "per_subject_acc": {
    "4": 0.18518518518518517,
    "10": 0.1111111111111111,
    "18": 0.2222222222222222,
    "31": 0.037037037037037035,
    "40": 0.1111111111111111,
    "45": 0.25925925925925924,
    "47": 0.18518518518518517,
    "53": 0.25925925925925924,
    "55": 0.1111111111111111,
    "62": 0.18518518518518517,
    "76": 0.1111111111111111,
    "89": 0.1111111111111111,
    "100": 0.1111111111111111,
    "0": 0.1111111111111111,
    "11": 0.14814814814814814,
    "24": 0.1111111111111111,
    "26": 0.25925925925925924,
    "42": 0.2962962962962963,
    "44": 0.18518518518518517,
    "56": 0.14814814814814814,
    "66": 0.18518518518518517,
    "77": 0.037037037037037035,
    "91": 0.14814814814814814,
    "93": 0.07407407407407407,
    "108": 0.2222222222222222,
    "116": 0.1111111111111111,
    "12": 0.18518518518518517,
    "15": 0.07407407407407407,
    "22": 0.2222222222222222,
    "30": 0.14814814814814814,
    "36": 0.037037037037037035,
    "73": 0.1111111111111111,
    "78": 0.14814814814814814,
    "84": 0.14814814814814814,
    "90": 0.07407407407407407,
    "94": 0.14814814814814814,
    "117": 0.2222222222222222,
    "118": 0.07407407407407407,
    "120": 0.2222222222222222,
    "5": 0.07407407407407407,
    "9": 0.2222222222222222,
    "25": 0.18518518518518517,
    "28": 0.1111111111111111,
    "33": 0.1111111111111111,
    "39": 0.18518518518518517,
    "64": 0.14814814814814814,
    "65": 0.25925925925925924,
    "69": 0.2222222222222222,
    "70": 0.07407407407407407,
    "101": 0.1111111111111111,
    "121": 0.18518518518518517,
    "7": 0.1111111111111111,
    "16": 0.14814814814814814,
    "27": 0.1111111111111111,
    "34": 0.2222222222222222,
    "35": 0.0,
    "43": 0.3333333333333333,
    "49": 0.2222222222222222,
    "67": 0.1111111111111111,
    "68": 0.14814814814814814,
    "80": 0.14814814814814814,
    "81": 0.14814814814814814,
    "110": 0.14814814814814814,
    "3": 0.25925925925925924,
    "6": 0.14814814814814814,
    "8": 0.25925925925925924,
    "13": 0.14814814814814814,
    "17": 0.18518518518518517,
    "19": 0.1111111111111111,
    "38": 0.25925925925925924,
    "72": 0.1111111111111111,
    "95": 0.14814814814814814,
    "98": 0.18518518518518517,
    "107": 0.18518518518518517,
    "112": 0.25925925925925924,
    "46": 0.25925925925925924,
    "50": 0.2222222222222222,
    "54": 0.037037037037037035,
    "61": 0.14814814814814814,
    "79": 0.2962962962962963,
    "83": 0.1111111111111111,
    "85": 0.25925925925925924,
    "96": 0.1111111111111111,
    "97": 0.1111111111111111,
    "105": 0.2222222222222222,
    "113": 0.14814814814814814,
    "119": 0.07407407407407407,
    "32": 0.14814814814814814,
    "41": 0.14814814814814814,
    "48": 0.1111111111111111,
    "57": 0.1111111111111111,
    "58": 0.25925925925925924,
    "59": 0.18518518518518517,
    "63": 0.2222222222222222,
    "75": 0.037037037037037035,
    "88": 0.2222222222222222,
    "104": 0.2222222222222222,
    "114": 0.14814814814814814,
    "115": 0.2962962962962963,
    "1": 0.3333333333333333,
    "2": 0.1111111111111111,
    "21": 0.14814814814814814,
    "23": 0.18518518518518517,
    "29": 0.1111111111111111,
    "37": 0.18518518518518517,
    "52": 0.14814814814814814,
    "87": 0.07407407407407407,
    "99": 0.18518518518518517,
    "103": 0.25925925925925924,
    "109": 0.18518518518518517,
    "111": 0.14814814814814814,
    "14": 0.2222222222222222,
    "20": 0.25925925925925924,
    "51": 0.18518518518518517,
    "60": 0.07407407407407407,
    "71": 0.037037037037037035,
    "74": 0.07407407407407407,
    "82": 0.1111111111111111,
    "86": 0.1111111111111111,
    "92": 0.1111111111111111,
    "102": 0.18518518518518517,
    "106": 0.14814814814814814,
    "122": 0.18518518518518517
  },
  "per_subject_support": {
    "4": 27,
    "10": 27,
    "18": 27,
    "31": 27,
    "40": 27,
    "45": 27,
    "47": 27,
    "53": 27,
    "55": 27,
    "62": 27,
    "76": 27,
    "89": 27,
    "100": 27,
    "0": 27,
    "11": 27,
    "24": 27,
    "26": 27,
    "42": 27,
    "44": 27,
    "56": 27,
    "66": 27,
    "77": 27,
    "91": 27,
    "93": 27,
    "108": 27,
    "116": 27,
    "12": 27,
    "15": 27,
    "22": 27,
    "30": 27,
    "36": 27,
    "73": 27,
    "78": 27,
    "84": 27,
    "90": 27,
    "94": 27,
    "117": 27,
    "118": 27,
    "120": 27,
    "5": 27,
    "9": 27,
    "25": 27,
    "28": 27,
    "33": 27,
    "39": 27,
    "64": 27,
    "65": 27,
    "69": 27,
    "70": 27,
    "101": 27,
    "121": 27,
    "7": 27,
    "16": 27,
    "27": 27,
    "34": 27,
    "35": 27,
    "43": 27,
    "49": 27,
    "67": 27,
    "68": 27,
    "80": 27,
    "81": 27,
    "110": 27,
    "3": 27,
    "6": 27,
    "8": 27,
    "13": 27,
    "17": 27,
    "19": 27,
    "38": 27,
    "72": 27,
    "95": 27,
    "98": 27,
    "107": 27,
    "112": 27,
    "46": 27,
    "50": 27,
    "54": 27,
    "61": 27,
    "79": 27,
    "83": 27,
    "85": 27,
    "96": 27,
    "97": 27,
    "105": 27,
    "113": 27,
    "119": 27,
    "32": 27,
    "41": 27,
    "48": 27,
    "57": 27,
    "58": 27,
    "59": 27,
    "63": 27,
    "75": 27,
    "88": 27,
    "104": 27,
    "114": 27,
    "115": 27,
    "1": 27,
    "2": 27,
    "21": 27,
    "23": 27,
    "29": 27,
    "37": 27,