{
  "approach": "ft",
  "task": "9-class",
  "dataset": "faced",
  "run_stem": "ft_faced_9-class_w10s10_pool_no_r16_b256_lr0.0004_nomixup_fullft_gen_s123",
  "completed_at": "2026-06-02T07:40:54.278235",
  "n_folds_run": 10,
  "n_subjects": 123,
  "gen_seed": 123,
  "subject_wise": {
    "mean_acc": 0.1559771153267088,
    "std_acc": 0.06592245212331993,
    "min_acc": 0.0,
    "max_acc": 0.3333333333333333
  },
  "window_wise_acc": 0.15597711532670883,
  "classification_report": {
    "labels": [
      0,
      1,
      2,
      3,
      4,
      5,
      6,
      7,
      8
    ],
    "confusion_matrix": [
      [
        35,
        100,
        14,
        41,
        52,
        37,
        17,
        34,
        39
      ],
      [
        52,
        92,
        10,
        43,
        73,
        32,
        11,
        20,
        36
      ],
      [
        33,
        58,
        13,
        106,
        47,
        41,
        7,
        24,
        40
      ],
      [
        63,
        36,
        27,
        74,
        68,
        20,
        11,
        42,
        28
      ],
      [
        23,
        53,
        9,
        95,
        105,
        16,
        18,
        21,
        29
      ],
      [
        17,
        27,
        33,
        75,
        53,
        54,
        17,
        45,
        48
      ],
      [
        57,
        39,
        20,
        67,
        84,
        18,
        13,
        25,
        46
      ],
      [
        49,
        67,
        15,
        36,
        55,
        14,
        20,
        73,
        40
      ],
      [
        40,
        11,
        44,
        18,
        36,
        91,
        28,
        42,
        59
      ]
    ],
    "per_class": {
      "precision": [
        0.0949,
        0.1905,
        0.0703,
        0.1333,
        0.1832,
        0.1672,
        0.0915,
        0.2239,
        0.1616
      ],
      "recall": [
        0.0949,
        0.2493,
        0.0352,
        0.2005,
        0.2846,
        0.1463,
        0.0352,
        0.1978,
        0.1599
      ],
      "f1": [
        0.0949,
        0.216,
        0.0469,
        0.1602,
        0.2229,
        0.1561,
        0.0509,
        0.2101,
        0.1608
      ],
      "support": [
        369,
        369,
        369,
        369,
        369,
        369,
        369,
        369,
        369
      ]
    },
    "macro": {
      "precision": 0.1463,
      "recall": 0.156,
      "f1": 0.1465,
      "auroc": 0.529
    },
    "auroc_per_class": [
      0.4729,
      0.5978,
      0.4195,
      0.5183,
      0.6039,
      0.5321,
      0.4473,
      0.6033,
      0.5658
    ]
  },
  "per_subject_acc": {
    "4": 0.1111111111111111,
    "10": 0.25925925925925924,
    "18": 0.2962962962962963,
    "31": 0.1111111111111111,
    "40": 0.1111111111111111,
    "45": 0.2222222222222222,
    "47": 0.1111111111111111,
    "53": 0.3333333333333333,
    "55": 0.1111111111111111,
    "62": 0.07407407407407407,
    "76": 0.1111111111111111,
    "89": 0.1111111111111111,
    "100": 0.1111111111111111,
    "0": 0.2222222222222222,
    "11": 0.1111111111111111,
    "24": 0.2222222222222222,
    "26": 0.18518518518518517,
    "42": 0.14814814814814814,
    "44": 0.14814814814814814,
    "56": 0.14814814814814814,
    "66": 0.2222222222222222,
    "77": 0.18518518518518517,
    "91": 0.0,
    "93": 0.1111111111111111,
    "108": 0.037037037037037035,
    "116": 0.07407407407407407,
    "12": 0.14814814814814814,
    "15": 0.18518518518518517,
    "22": 0.07407407407407407,
    "30": 0.1111111111111111,
    "36": 0.14814814814814814,
    "73": 0.037037037037037035,
    "78": 0.037037037037037035,
    "84": 0.18518518518518517,
    "90": 0.1111111111111111,
    "94": 0.2222222222222222,
    "117": 0.07407407407407407,
    "118": 0.2222222222222222,
    "120": 0.18518518518518517,
    "5": 0.25925925925925924,
    "9": 0.07407407407407407,
    "25": 0.18518518518518517,
    "28": 0.1111111111111111,
    "33": 0.2222222222222222,
    "39": 0.14814814814814814,
    "64": 0.07407407407407407,
    "65": 0.1111111111111111,
    "69": 0.1111111111111111,
    "70": 0.18518518518518517,
    "101": 0.14814814814814814,
    "121": 0.1111111111111111,
    "7": 0.14814814814814814,
    "16": 0.18518518518518517,
    "27": 0.18518518518518517,
    "34": 0.2222222222222222,
    "35": 0.037037037037037035,
    "43": 0.3333333333333333,
    "49": 0.14814814814814814,
    "67": 0.2222222222222222,
    "68": 0.07407407407407407,
    "80": 0.14814814814814814,
    "81": 0.1111111111111111,
    "110": 0.14814814814814814,
    "3": 0.14814814814814814,
    "6": 0.1111111111111111,
    "8": 0.2962962962962963,
    "13": 0.25925925925925924,
    "17": 0.07407407407407407,
    "19": 0.07407407407407407,
    "38": 0.25925925925925924,
    "72": 0.1111111111111111,
    "95": 0.18518518518518517,
    "98": 0.2222222222222222,
    "107": 0.2222222222222222,
    "112": 0.14814814814814814,
    "46": 0.25925925925925924,
    "50": 0.18518518518518517,
    "54": 0.14814814814814814,
    "61": 0.2222222222222222,
    "79": 0.18518518518518517,
    "83": 0.18518518518518517,
    "85": 0.1111111111111111,
    "96": 0.1111111111111111,
    "97": 0.14814814814814814,
    "105": 0.14814814814814814,
    "113": 0.14814814814814814,
    "119": 0.07407407407407407,
    "32": 0.14814814814814814,
    "41": 0.2222222222222222,
    "48": 0.14814814814814814,
    "57": 0.18518518518518517,
    "58": 0.14814814814814814,
    "59": 0.14814814814814814,
    "63": 0.18518518518518517,
    "75": 0.2222222222222222,
    "88": 0.2222222222222222,
    "104": 0.1111111111111111,
    "114": 0.18518518518518517,
    "115": 0.1111111111111111,
    "1": 0.07407407407407407,
    "2": 0.18518518518518517,
    "21": 0.18518518518518517,
    "23": 0.1111111111111111,
    "29": 0.18518518518518517,
    "37": 0.1111111111111111,
    "52": 0.2222222222222222,
    "87": 0.037037037037037035,
    "99": 0.2222222222222222,
    "103": 0.14814814814814814,
    "109": 0.2222222222222222,
    "111": 0.14814814814814814,
    "14": 0.2222222222222222,
    "20": 0.14814814814814814,
    "51": 0.18518518518518517,
    "60": 0.2962962962962963,
    "71": 0.18518518518518517,
    "74": 0.2222222222222222,
    "82": 0.07407407407407407,
    "86": 0.1111111111111111,
    "92": 0.2222222222222222,
    "102": 0.1111111111111111,
    "106": 0.07407407407407407,
    "122": 0.07407407407407407
  },
  "per_subject_support": {
    "4": 27,
    "10": 27,
    "18": 27,
    "31": 27,
    "40": 27,
    "45": 27,
    "47": 27,
    "53": 27,
    "55": 27,
    "62": 27,
    "76": 27,
    "89": 27,
    "100": 27,
    "0": 27,
    "11": 27,
    "24": 27,
    "26": 27,
    "42": 27,
    "44": 27,
    "56": 27,
    "66": 27,
    "77": 27,
    "91": 27,
    "93": 27,
    "108": 27,
    "116": 27,
    "12": 27,
    "15": 27,
    "22": 27,
    "30": 27,
    "36": 27,
    "73": 27,
    "78": 27,
    "84": 27,
    "90": 27,
    "94": 27,
    "117": 27,
    "118": 27,
    "120": 27,
    "5": 27,
    "9": 27,
    "25": 27,
    "28": 27,
    "33": 27,
    "39": 27,
    "64": 27,
    "65": 27,
    "69": 27,
    "70": 27,
    "101": 27,
    "121": 27,
    "7": 27,
    "16": 27,
    "27": 27,
    "34": 27,
    "35": 27,
    "43": 27,
    "49": 27,
    "67": 27,
    "68": 27,
    "80": 27,
    "81": 27,
    "110": 27,
    "3": 27,
    "6": 27,
    "8": 27,
    "13": 27,
    "17": 27,
    "19": 27,
    "38": 27,
    "72": 27,
    "95": 27,
    "98": 27,
    "107": 27,
    "112": 27,
    "46": 27,
    "50": 27,
    "54": 27,
    "61": 27,
    "79": 27,
    "83": 27,
    "85": 27,
    "96": 27,
    "97": 27,
    "105": 27,
    "113": 27,
    "119": 27,
    "32": 27,
    "41": 27,
    "48": 27,
    "57": 27,
    "58": 27,
    "59": 27,
    "63": 27,
    "75": 27,
    "88": 27,
    "104": 27,
    "114": 27,
    "115": 27,
    "1": 27,
    "2": 27,
    "21": 27,
    "23": 27,
    "29": 27,
    "37": 27,
    "52": 27,