{
  "approach": "ft",
  "task": "9-class",
  "dataset": "faced",
  "run_stem": "ft_faced_9-class_w10s10_pool_no_r16_b256_lr0.0004_nomixup_fullft_gen_avg",
  "completed_at": "2026-06-04T10:25:56.278743",
  "gen_seeds": [
    123,
    789
  ],
  "n_seeds": 2,
  "n_subjects": 123,
  "subject_wise": {
    "mean_acc": 0.15823547124360135,
    "std_acc": 0.05042333730054943,
    "min_acc": 0.018518518518518517,
    "max_acc": 0.3333333333333333
  },
  "window_wise_acc": 0.15823547124360132,
  "classification_report": {
    "labels": [
      0,
      1,
      2,
      3,
      4,
      5,
      6,
      7,
      8
    ],
    "confusion_matrix": [
      [
        58,
        186,
        42,
        71,
        111,
        95,
        46,
        57,
        72
      ],
      [
        81,
        162,
        22,
        94,
        149,
        100,
        32,
        39,
        59
      ],
      [
        47,
        98,
        28,
        200,
        87,
        131,
        24,
        38,
        85
      ],
      [
        77,
        91,
        39,
        140,
        128,
        109,
        45,
        62,
        47
      ],
      [
        51,
        88,
        21,
        151,
        224,
        70,
        51,
        37,
        45
      ],
      [
        25,
        43,
        59,
        95,
        93,
        167,
        49,
        89,
        118
      ],
      [
        106,
        76,
        41,
        141,
        155,
        73,
        46,
        30,
        70
      ],
      [
        79,
        113,
        37,
        102,
        113,
        58,
        52,
        124,
        60
      ],
      [
        89,
        30,
        87,
        58,
        95,
        154,
        61,
        62,
        102
      ]
    ],
    "per_class": {
      "precision": [
        0.0946,
        0.1826,
        0.0745,
        0.1331,
        0.1939,
        0.1745,
        0.1133,
        0.2305,
        0.155
      ],
      "recall": [
        0.0786,
        0.2195,
        0.0379,
        0.1897,
        0.3035,
        0.2263,
        0.0623,
        0.168,
        0.1382
      ],
      "f1": [
        0.0859,
        0.1994,
        0.0503,
        0.1564,
        0.2367,
        0.1971,
        0.0804,
        0.1944,
        0.1461
      ],
      "support": [
        738,
        738,
        738,
        738,
        738,
        738,
        738,
        738,
        738
      ]
    },
    "macro": {
      "precision": 0.1502,
      "recall": 0.1582,
      "f1": 0.1496,
      "auroc": 0.5328
    },
    "auroc_per_class": [
      0.4786,
      0.5799,
      0.4215,
      0.5142,
      0.6162,
      0.5774,
      0.4565,
      0.5976,
      0.5533
    ]
  },
  "per_subject_acc": {
    "4": 0.14814814814814814,
    "10": 0.18518518518518517,
    "18": 0.25925925925925924,
    "31": 0.07407407407407407,
    "40": 0.1111111111111111,
    "45": 0.24074074074074073,
    "47": 0.14814814814814814,
    "53": 0.2962962962962963,
    "55": 0.1111111111111111,
    "62": 0.12962962962962962,
    "76": 0.1111111111111111,
    "89": 0.1111111111111111,
    "100": 0.1111111111111111,
    "0": 0.16666666666666666,
    "11": 0.12962962962962962,
    "24": 0.16666666666666666,
    "26": 0.2222222222222222,
    "42": 0.2222222222222222,
    "44": 0.16666666666666666,
    "56": 0.14814814814814814,
    "66": 0.2037037037037037,
    "77": 0.1111111111111111,
    "91": 0.07407407407407407,
    "93": 0.09259259259259259,
    "108": 0.12962962962962962,
    "116": 0.09259259259259259,
    "12": 0.16666666666666666,
    "15": 0.12962962962962962,
    "22": 0.14814814814814814,
    "30": 0.12962962962962962,
    "36": 0.09259259259259259,
    "73": 0.07407407407407407,
    "78": 0.09259259259259259,
    "84": 0.16666666666666666,
    "90": 0.09259259259259259,
    "94": 0.18518518518518517,
    "117": 0.14814814814814814,
    "118": 0.14814814814814814,
    "120": 0.2037037037037037,
    "5": 0.16666666666666666,
    "9": 0.14814814814814814,
    "25": 0.18518518518518517,
    "28": 0.1111111111111111,
    "33": 0.16666666666666666,
    "39": 0.16666666666666666,
    "64": 0.1111111111111111,
    "65": 0.18518518518518517,
    "69": 0.16666666666666666,
    "70": 0.12962962962962962,
    "101": 0.12962962962962962,
    "121": 0.14814814814814814,
    "7": 0.12962962962962962,
    "16": 0.16666666666666666,
    "27": 0.14814814814814814,
    "34": 0.2222222222222222,
    "35": 0.018518518518518517,
    "43": 0.3333333333333333,
    "49": 0.18518518518518517,
    "67": 0.16666666666666666,
    "68": 0.1111111111111111,
    "80": 0.14814814814814814,
    "81": 0.12962962962962962,
    "110": 0.14814814814814814,
    "3": 0.2037037037037037,
    "6": 0.12962962962962962,
    "8": 0.2777777777777778,
    "13": 0.2037037037037037,
    "17": 0.12962962962962962,
    "19": 0.09259259259259259,
    "38": 0.25925925925925924,
    "72": 0.1111111111111111,
    "95": 0.16666666666666666,
    "98": 0.2037037037037037,
    "107": 0.2037037037037037,
    "112": 0.2037037037037037,
    "46": 0.25925925925925924,
    "50": 0.2037037037037037,
    "54": 0.09259259259259259,
    "61": 0.18518518518518517,
    "79": 0.24074074074074073,
    "83": 0.14814814814814814,
    "85": 0.18518518518518517,
    "96": 0.1111111111111111,
    "97": 0.12962962962962962,
    "105": 0.18518518518518517,
    "113": 0.14814814814814814,
    "119": 0.07407407407407407,
    "32": 0.14814814814814814,
    "41": 0.18518518518518517,
    "48": 0.12962962962962962,
    "57": 0.14814814814814814,
    "58": 0.2037037037037037,
    "59": 0.16666666666666666,
    "63": 0.2037037037037037,
    "75": 0.12962962962962962,
    "88": 0.2222222222222222,
    "104": 0.16666666666666666,
    "114": 0.16666666666666666,
    "115": 0.2037037037037037,
    "1": 0.2037037037037037,
    "2": 0.14814814814814814,
    "21": 0.16666666666666666,
    "23": 0.14814814814814814,
    "29": 0.14814814814814814,
    "37": 0.14814814814814814,
    "52": 0.18518518518518517,
    "87": 0.05555555555555555,
    "99": 0.2037037037037037,
    "103": 0.2037037037037037,
    "109": 0.2037037037037037,
    "111": 0.14814814814814814,
    "14": 0.2222222222222222,
    "20": 0.2037037037037037,
    "51": 0.18518518518518517,
    "60": 0.18518518518518517,
    "71": 0.1111111111111111,
    "74": 0.14814814814814814,
    "82": 0.09259259259259259,
    "86": 0.1111111111111111,
    "92": 0.16666666666666666,
    "102": 0.14814814814814814,
    "106": 0.1111111111111111,
    "122": 0.12962962962962962
  },
  "per_subject_support": {
    "0": 54,
    "1": 54,
    "2": 54,
    "3": 54,
    "4": 54,
    "5": 54,
    "6": 54,
    "7": 54,
    "8": 54,
    "9": 54,
    "10": 54,
    "11": 54,
    "12": 54,
    "13": 54,
    "14": 54,
    "15": 54,
    "16": 54,
    "17": 54,
    "18": 54,
    "19": 54,
    "20": 54,
    "21": 54,
    "22": 54,
    "23": 54,
    "24": 54,
    "25": 54,
    "26": 54,
    "27": 54,
    "28": 54,
    "29": 54,
    "30": 54,
    "31": 54,
    "32": 54,
    "33": 54,
    "34": 54,
    "35": 54,
    "36": 54,
    "37": 54,
    "38": 54,
    "39": 54,
    "40": 54,
    "41": 54,
    "42": 54,
    "43": 54,
    "44": 54,
    "45": 54,
    "46": 54,
    "47": 54,
    "48": 54,
    "49": 54,
    "50": 54,
    "51": 54,
    "52": 54,
    "53": 54,
    "54": 54,
    "55": 54,
    "56": 54,
    "57": 54,
    "58": 54,
    "59": 54,
    "60": 54,
    "61": 54,
    "62": 54,
    "63": 54,
    "64": 54,
    "65": 54,
    "66": 54,
    "67": 54,
    "68": 54,
    "69": 54,
    "70": 54,
    "71": 54,
    "72": 54,
    "73": 54,
    "74": 54,
    "75": 54,
    "76": 54,
    "77": 54,
    "78": 54,
    "79": 54,
    "80": 54,
    "81": 54,
    "82": 54,
    "83": 54,
    "84": 54,
    "85": 54,
    "86": 54,
    "87": 54,
    "88": 54,
    "89": 54,
    "90": 54,
    "91": 54,
    "92": 54,
    "93": 54,
    "94": 54,
    "95": 54,
    "96": 54,
    "97": 54,
    "98": 54,
    "99": 54,
    "100": 54,