{
  "approach": "ft",
  "task": "9-class",
  "dataset": "faced",
  "run_stem": "ft_faced_9-class_w10s10_pool_no_r16_b256_lr0.0004_nomixup_fullft",
  "ckpt_root": "outputs/ft_checkpoints",
  "completed_at": "2026-05-20T17:30:59.769947",
  "n_folds_run": 10,
  "n_subjects": 123,
  "subject_wise": {
    "mean_acc": 0.5851722802942315,
    "std_acc": 0.14007365453523424,
    "min_acc": 0.07142857142857142,
    "max_acc": 0.8571428571428571
  },
  "window_wise_acc": 0.5851722802942315,
  "classification_report": {
    "labels": [
      0,
      1,
      2,
      3,
      4,
      5,
      6,
      7,
      8
    ],
    "confusion_matrix": [
      [
        652,
        64,
        43,
        60,
        101,
        40,
        56,
        41,
        50
      ],
      [
        56,
        607,
        39,
        89,
        120,
        41,
        67,
        45,
        43
      ],
      [
        38,
        39,
        664,
        73,
        91,
        56,
        57,
        28,
        61
      ],
      [
        55,
        79,
        77,
        539,
        151,
        37,
        68,
        53,
        48
      ],
      [
        76,
        102,
        84,
        155,
        757,
        66,
        94,
        78,
        64
      ],
      [
        32,
        31,
        46,
        60,
        81,
        740,
        44,
        32,
        41
      ],
      [
        46,
        46,
        47,
        79,
        96,
        44,
        671,
        36,
        42
      ],
      [
        44,
        48,
        32,
        59,
        97,
        50,
        57,
        680,
        40
      ],
      [
        44,
        40,
        44,
        42,
        76,
        35,
        60,
        30,
        736
      ]
    ],
    "per_class": {
      "precision": [
        0.6251,
        0.5748,
        0.6171,
        0.4663,
        0.4822,
        0.6673,
        0.5716,
        0.6647,
        0.6542
      ],
      "recall": [
        0.589,
        0.5483,
        0.5998,
        0.4869,
        0.5129,
        0.6685,
        0.6061,
        0.6143,
        0.6649
      ],
      "f1": [
        0.6065,
        0.5613,
        0.6083,
        0.4764,
        0.497,
        0.6679,
        0.5883,
        0.6385,
        0.6595
      ],
      "support": [
        1107,
        1107,
        1107,
        1107,
        1476,
        1107,
        1107,
        1107,
        1107
      ]
    },
    "macro": {
      "precision": 0.5915,
      "recall": 0.5879,
      "f1": 0.5893,
      "auroc": 0.8852
    },
    "auroc_per_class": [
      0.8929,
      0.8849,
      0.8989,
      0.8301,
      0.8255,
      0.918,
      0.8923,
      0.913,
      0.9107
    ]
  },
  "per_subject_acc": {
    "4": 0.42857142857142855,
    "10": 0.6785714285714286,
    "18": 0.6309523809523809,
    "31": 0.7261904761904762,
    "40": 0.6904761904761905,
    "45": 0.75,
    "47": 0.5476190476190477,
    "53": 0.6785714285714286,
    "55": 0.7142857142857143,
    "62": 0.7619047619047619,
    "76": 0.5238095238095238,
    "89": 0.4642857142857143,
    "100": 0.4166666666666667,
    "0": 0.6190476190476191,
    "11": 0.7023809523809523,
    "24": 0.7380952380952381,
    "26": 0.75,
    "42": 0.6666666666666666,
    "44": 0.7261904761904762,
    "56": 0.5119047619047619,
    "66": 0.7142857142857143,
    "77": 0.5476190476190477,
    "91": 0.34523809523809523,
    "93": 0.6071428571428571,
    "108": 0.4642857142857143,
    "116": 0.47619047619047616,
    "12": 0.7380952380952381,
    "15": 0.6785714285714286,
    "22": 0.6666666666666666,
    "30": 0.30952380952380953,
    "36": 0.5833333333333334,
    "73": 0.5119047619047619,
    "78": 0.40476190476190477,
    "84": 0.5833333333333334,
    "90": 0.36904761904761907,
    "94": 0.7738095238095238,
    "117": 0.4642857142857143,
    "118": 0.2976190476190476,
    "120": 0.44047619047619047,
    "5": 0.5833333333333334,
    "9": 0.6428571428571429,
    "25": 0.7619047619047619,
    "28": 0.7261904761904762,
    "33": 0.6666666666666666,
    "39": 0.6904761904761905,
    "64": 0.34523809523809523,
    "65": 0.6904761904761905,
    "69": 0.6309523809523809,
    "70": 0.47619047619047616,
    "101": 0.44047619047619047,
    "121": 0.5476190476190477,
    "7": 0.38095238095238093,
    "16": 0.6190476190476191,
    "27": 0.75,
    "34": 0.6071428571428571,
    "35": 0.5952380952380952,
    "43": 0.8571428571428571,
    "49": 0.47619047619047616,
    "67": 0.36904761904761907,
    "68": 0.5238095238095238,
    "80": 0.5476190476190477,
    "81": 0.47619047619047616,
    "110": 0.5238095238095238,
    "3": 0.42857142857142855,
    "6": 0.7261904761904762,
    "8": 0.6785714285714286,
    "13": 0.7380952380952381,
    "17": 0.6666666666666666,
    "19": 0.7857142857142857,
    "38": 0.8095238095238095,
    "72": 0.34523809523809523,
    "95": 0.5238095238095238,
    "98": 0.5238095238095238,
    "107": 0.6309523809523809,
    "112": 0.5833333333333334,
    "46": 0.8214285714285714,
    "50": 0.6547619047619048,
    "54": 0.6785714285714286,
    "61": 0.47619047619047616,
    "79": 0.5357142857142857,
    "83": 0.6428571428571429,
    "85": 0.5357142857142857,
    "96": 0.6785714285714286,
    "97": 0.38095238095238093,
    "105": 0.6190476190476191,
    "113": 0.5833333333333334,
    "119": 0.5952380952380952,
    "32": 0.6428571428571429,
    "41": 0.6666666666666666,
    "48": 0.7738095238095238,
    "57": 0.6547619047619048,
    "58": 0.5357142857142857,
    "59": 0.5238095238095238,
    "63": 0.6428571428571429,
    "75": 0.5238095238095238,
    "88": 0.44047619047619047,
    "104": 0.38095238095238093,
    "114": 0.4523809523809524,
    "115": 0.6666666666666666,
    "1": 0.6190476190476191,
    "2": 0.7142857142857143,
    "21": 0.6904761904761905,
    "23": 0.07142857142857142,
    "29": 0.44047619047619047,
    "37": 0.7619047619047619,
    "52": 0.7380952380952381,
    "87": 0.4642857142857143,
    "99": 0.47619047619047616,
    "103": 0.5238095238095238,
    "109": 0.5833333333333334,
    "111": 0.44047619047619047,
    "14": 0.8214285714285714,
    "20": 0.5,
    "51": 0.6904761904761905,
    "60": 0.6785714285714286,
    "71": 0.7023809523809523,
    "74": 0.5119047619047619,
    "82": 0.6904761904761905,
    "86": 0.23809523809523808,
    "92": 0.7976190476190477,
    "102": 0.4880952380952381,
    "106": 0.5595238095238095,
    "122": 0.5952380952380952
  },
  "per_subject_support": {
    "4": 84,
    "10": 84,
    "18": 84,
    "31": 84,
    "40": 84,
    "45": 84,
    "47": 84,
    "53": 84,
    "55": 84,
    "62": 84,
    "76": 84,
    "89": 84,
    "100": 84,
    "0": 84,
    "11": 84,
    "24": 84,
    "26": 84,
    "42": 84,
    "44": 84,
    "56": 84,
    "66": 84,
    "77": 84,
    "91": 84,
    "93": 84,
    "108": 84,
    "116": 84,
    "12": 84,
    "15": 84,
    "22": 84,
    "30": 84,
    "36": 84,
    "73": 84,
    "78": 84,
    "84": 84,
    "90": 84,
    "94": 84,
    "117": 84,
    "118": 84,
    "120": 84,
    "5": 84,
    "9": 84,
    "25": 84,
    "28": 84,
    "33": 84,
    "39": 84,
    "64": 84,
    "65": 84,
    "69": 84,
    "70": 84,
    "101": 84,
    "121": 84,
    "7": 84,
    "16": 84,
    "27": 84,
    "34": 84,
    "35": 84,
    "43": 84,
    "49": 84,
    "67": 84,
    "68": 84,
    "80": 84,
    "81": 84,
    "110": 84,
    "3": 84,
    "6": 84,
    "8": 84,
    "13": 84,
    "17": 84,
    "19": 84,
    "38": 84,
    "72": 84,
    "95": 84,
    "98": 84,
    "107": 84,
    "112": 84,
    "46": 84,
    "50": 84,
    "54": 84,
    "61": 84,
    "79": 84,
    "83": 84,
    "85": 84,
    "96": 84,
    "97": 84,
    "105": 84,
    "113": 84,
    "119": 84,
    "32": 84,
    "41": 84,
    "48": 84,
    "57": 84,
    "58": 84,
    "59": 84,
    "63": 84,
    "75": 84,
    "88": 84,
    "104": 84,
    "114": 84,
    "115": 84,
    "1": 84,
    "2": 84,
    "21": 84,
    "23": 84,
    "29": 84,
    "37": 84,
    "52": 84,
    "87": 84,
    "99": 84,
    "103": 84,