{
  "approach": "jade",
  "task": "9-class",
  "dataset": "faced",
  "run_stem": "jade_faced_9-class_w10s10_pool_no_r16_a0.3_t0.2_context_b256_lr0.0004_fullft_gen_s789",
  "completed_at": "2026-05-29T18:04:25.671445",
  "n_folds_run": 10,
  "n_subjects": 123,
  "gen_seed": 789,
  "subject_wise": {
    "mean_acc": 0.1592893706714845,
    "std_acc": 0.059595086546985594,
    "min_acc": 0.0,
    "max_acc": 0.2962962962962963
  },
  "window_wise_acc": 0.1592893706714845,
  "classification_report": {
    "labels": [
      0,
      1,
      2,
      3,
      4,
      5,
      6,
      7,
      8
    ],
    "confusion_matrix": [
      [
        14,
        98,
        15,
        32,
        79,
        41,
        17,
        41,
        32
      ],
      [
        25,
        71,
        10,
        51,
        100,
        58,
        15,
        23,
        16
      ],
      [
        9,
        55,
        14,
        105,
        54,
        58,
        10,
        28,
        36
      ],
      [
        8,
        66,
        8,
        71,
        71,
        68,
        19,
        36,
        22
      ],
      [
        13,
        46,
        10,
        51,
        143,
        35,
        20,
        29,
        22
      ],
      [
        6,
        27,
        29,
        24,
        55,
        85,
        16,
        61,
        66
      ],
      [
        31,
        36,
        14,
        91,
        107,
        29,
        19,
        16,
        26
      ],
      [
        17,
        50,
        18,
        59,
        91,
        25,
        17,
        69,
        23
      ],
      [
        23,
        29,
        32,
        57,
        84,
        48,
        15,
        38,
        43
      ]
    ],
    "per_class": {
      "precision": [
        0.0959,
        0.1485,
        0.0933,
        0.1312,
        0.1824,
        0.1902,
        0.1284,
        0.2023,
        0.1503
      ],
      "recall": [
        0.0379,
        0.1924,
        0.0379,
        0.1924,
        0.3875,
        0.2304,
        0.0515,
        0.187,
        0.1165
      ],
      "f1": [
        0.0544,
        0.1677,
        0.0539,
        0.156,
        0.248,
        0.2083,
        0.0735,
        0.1944,
        0.1313
      ],
      "support": [
        369,
        369,
        369,
        369,
        369,
        369,
        369,
        369,
        369
      ]
    },
    "macro": {
      "precision": 0.147,
      "recall": 0.1593,
      "f1": 0.1431,
      "auroc": 0.5349
    },
    "auroc_per_class": [
      0.4967,
      0.5725,
      0.433,
      0.5179,
      0.6135,
      0.6034,
      0.4459,
      0.5987,
      0.5324
    ]
  },
  "per_subject_acc": {
    "4": 0.25925925925925924,
    "10": 0.1111111111111111,
    "18": 0.1111111111111111,
    "31": 0.07407407407407407,
    "40": 0.18518518518518517,
    "45": 0.25925925925925924,
    "47": 0.1111111111111111,
    "53": 0.2222222222222222,
    "55": 0.18518518518518517,
    "62": 0.1111111111111111,
    "76": 0.07407407407407407,
    "89": 0.18518518518518517,
    "100": 0.1111111111111111,
    "0": 0.18518518518518517,
    "11": 0.18518518518518517,
    "24": 0.2222222222222222,
    "26": 0.1111111111111111,
    "42": 0.14814814814814814,
    "44": 0.1111111111111111,
    "56": 0.1111111111111111,
    "66": 0.14814814814814814,
    "77": 0.14814814814814814,
    "91": 0.07407407407407407,
    "93": 0.1111111111111111,
    "108": 0.1111111111111111,
    "116": 0.1111111111111111,
    "12": 0.14814814814814814,
    "15": 0.18518518518518517,
    "22": 0.18518518518518517,
    "30": 0.14814814814814814,
    "36": 0.037037037037037035,
    "73": 0.1111111111111111,
    "78": 0.2222222222222222,
    "84": 0.1111111111111111,
    "90": 0.14814814814814814,
    "94": 0.14814814814814814,
    "117": 0.2222222222222222,
    "118": 0.2222222222222222,
    "120": 0.1111111111111111,
    "5": 0.14814814814814814,
    "9": 0.1111111111111111,
    "25": 0.14814814814814814,
    "28": 0.14814814814814814,
    "33": 0.0,
    "39": 0.18518518518518517,
    "64": 0.2222222222222222,
    "65": 0.14814814814814814,
    "69": 0.1111111111111111,
    "70": 0.1111111111111111,
    "101": 0.2962962962962963,
    "121": 0.18518518518518517,
    "7": 0.037037037037037035,
    "16": 0.25925925925925924,
    "27": 0.25925925925925924,
    "34": 0.14814814814814814,
    "35": 0.14814814814814814,
    "43": 0.2222222222222222,
    "49": 0.14814814814814814,
    "67": 0.1111111111111111,
    "68": 0.14814814814814814,
    "80": 0.14814814814814814,
    "81": 0.14814814814814814,
    "110": 0.07407407407407407,
    "3": 0.1111111111111111,
    "6": 0.2222222222222222,
    "8": 0.2962962962962963,
    "13": 0.14814814814814814,
    "17": 0.18518518518518517,
    "19": 0.1111111111111111,
    "38": 0.14814814814814814,
    "72": 0.14814814814814814,
    "95": 0.18518518518518517,
    "98": 0.18518518518518517,
    "107": 0.18518518518518517,
    "112": 0.1111111111111111,
    "46": 0.2222222222222222,
    "50": 0.1111111111111111,
    "54": 0.2962962962962963,
    "61": 0.2222222222222222,
    "79": 0.18518518518518517,
    "83": 0.1111111111111111,
    "85": 0.1111111111111111,
    "96": 0.18518518518518517,
    "97": 0.07407407407407407,
    "105": 0.2222222222222222,
    "113": 0.2222222222222222,
    "119": 0.1111111111111111,
    "32": 0.2962962962962963,
    "41": 0.2222222222222222,
    "48": 0.25925925925925924,
    "57": 0.18518518518518517,
    "58": 0.2962962962962963,
    "59": 0.07407407407407407,
    "63": 0.14814814814814814,
    "75": 0.1111111111111111,
    "88": 0.14814814814814814,
    "104": 0.14814814814814814,
    "114": 0.14814814814814814,
    "115": 0.2222222222222222,
    "1": 0.14814814814814814,
    "2": 0.14814814814814814,
    "21": 0.14814814814814814,
    "23": 0.14814814814814814,
    "29": 0.1111111111111111,
    "37": 0.2222222222222222,
    "52": 0.14814814814814814,
    "87": 0.07407407407407407,
    "99": 0.2222222222222222,
    "103": 0.2222222222222222,
    "109": 0.14814814814814814,
    "111": 0.18518518518518517,
    "14": 0.18518518518518517,
    "20": 0.18518518518518517,
    "51": 0.14814814814814814,
    "60": 0.1111111111111111,
    "71": 0.2222222222222222,
    "74": 0.18518518518518517,
    "82": 0.07407407407407407,
    "86": 0.07407407407407407,
    "92": 0.1111111111111111,
    "102": 0.25925925925925924,
    "106": 0.1111111111111111,
    "122": 0.18518518518518517
  },
  "per_subject_support": {
    "4": 27,
    "10": 27,
    "18": 27,
    "31": 27,
    "40": 27,
    "45": 27,
    "47": 27,
    "53": 27,
    "55": 27,
    "62": 27,
    "76": 27,
    "89": 27,
    "100": 27,
    "0": 27,
    "11": 27,
    "24": 27,
    "26": 27,
    "42": 27,
    "44": 27,
    "56": 27,
    "66": 27,
    "77": 27,
    "91": 27,
    "93": 27,
    "108": 27,
    "116": 27,
    "12": 27,
    "15": 27,
    "22": 27,
    "30": 27,
    "36": 27,
    "73": 27,
    "78": 27,
    "84": 27,
    "90": 27,
    "94": 27,
    "117": 27,
    "118": 27,
    "120": 27,
    "5": 27,
    "9": 27,
    "25": 27,
    "28": 27,
    "33": 27,
    "39": 27,
    "64": 27,
    "65": 27,
    "69": 27,
    "70": 27,
    "101": 27,
    "121": 27,
    "7": 27,
    "16": 27,
    "27": 27,
    "34": 27,
    "35": 27,
    "43": 27,
    "49": 27,
    "67": 27,
    "68": 27,
    "80": 27,
    "81": 27,
    "110": 27,
    "3": 27,
    "6": 27,
    "8": 27,
    "13": 27,
    "17": 27,
    "19": 27,
    "38": 27,
    "72": 27,
    "95": 27,
    "98": 27,
    "107": 27,
    "112": 27,
    "46": 27,
    "50": 27,
    "54": 27,
    "61": 27,
    "79": 27,
    "83": 27,
    "85": 27,
    "96": 27,
    "97": 27,
    "105": 27,
    "113": 27,
    "119": 27,
    "32": 27,
    "41": 27,
    "48": 27,
    "57": 27,
    "58": 27,
    "59": 27,
    "63": 27,
    "75": 27,
    "88": 27,
    "104": 27,
    "114": 27,
    "115": 27,
    "1": 27,
    "2": 27,
    "21": 27,
    "23": 27,
    "29": 27,
    "37": 27,