{
  "approach": "jade",
  "task": "9-class",
  "dataset": "faced",
  "run_stem": "jade_faced_9-class_w10s10_pool_no_r16_a0.3_t0.2_context_b256_lr0.0004_fullft_gen_s123",
  "completed_at": "2026-05-29T15:48:56.676803",
  "n_folds_run": 10,
  "n_subjects": 123,
  "gen_seed": 123,
  "subject_wise": {
    "mean_acc": 0.1583860283047275,
    "std_acc": 0.06455204136155299,
    "min_acc": 0.037037037037037035,
    "max_acc": 0.3333333333333333
  },
  "window_wise_acc": 0.1583860283047275,
  "classification_report": {
    "labels": [
      0,
      1,
      2,
      3,
      4,
      5,
      6,
      7,
      8
    ],
    "confusion_matrix": [
      [
        17,
        113,
        5,
        26,
        70,
        53,
        20,
        32,
        33
      ],
      [
        19,
        112,
        9,
        28,
        84,
        38,
        10,
        28,
        41
      ],
      [
        16,
        83,
        14,
        80,
        57,
        49,
        6,
        28,
        36
      ],
      [
        35,
        67,
        22,
        53,
        80,
        33,
        6,
        39,
        34
      ],
      [
        15,
        83,
        10,
        59,
        119,
        27,
        14,
        23,
        19
      ],
      [
        8,
        40,
        18,
        50,
        76,
        68,
        11,
        56,
        42
      ],
      [
        39,
        69,
        10,
        44,
        86,
        37,
        13,
        17,
        54
      ],
      [
        27,
        81,
        16,
        27,
        74,
        25,
        13,
        71,
        35
      ],
      [
        14,
        19,
        30,
        10,
        59,
        118,
        19,
        41,
        59
      ]
    ],
    "per_class": {
      "precision": [
        0.0895,
        0.1679,
        0.1045,
        0.1406,
        0.1688,
        0.1518,
        0.1161,
        0.2119,
        0.1671
      ],
      "recall": [
        0.0461,
        0.3035,
        0.0379,
        0.1436,
        0.3225,
        0.1843,
        0.0352,
        0.1924,
        0.1599
      ],
      "f1": [
        0.0608,
        0.2162,
        0.0557,
        0.1421,
        0.2216,
        0.1665,
        0.0541,
        0.2017,
        0.1634
      ],
      "support": [
        369,
        369,
        369,
        369,
        369,
        369,
        369,
        369,
        369
      ]
    },
    "macro": {
      "precision": 0.1465,
      "recall": 0.1584,
      "f1": 0.1425,
      "auroc": 0.5252
    },
    "auroc_per_class": [
      0.4588,
      0.5873,
      0.4215,
      0.5246,
      0.5842,
      0.5331,
      0.4707,
      0.5984,
      0.5485
    ]
  },
  "per_subject_acc": {
    "4": 0.18518518518518517,
    "10": 0.2222222222222222,
    "18": 0.14814814814814814,
    "31": 0.1111111111111111,
    "40": 0.1111111111111111,
    "45": 0.18518518518518517,
    "47": 0.14814814814814814,
    "53": 0.2962962962962963,
    "55": 0.18518518518518517,
    "62": 0.18518518518518517,
    "76": 0.07407407407407407,
    "89": 0.037037037037037035,
    "100": 0.18518518518518517,
    "0": 0.18518518518518517,
    "11": 0.18518518518518517,
    "24": 0.2962962962962963,
    "26": 0.14814814814814814,
    "42": 0.1111111111111111,
    "44": 0.14814814814814814,
    "56": 0.1111111111111111,
    "66": 0.25925925925925924,
    "77": 0.25925925925925924,
    "91": 0.07407407407407407,
    "93": 0.07407407407407407,
    "108": 0.07407407407407407,
    "116": 0.037037037037037035,
    "12": 0.14814814814814814,
    "15": 0.1111111111111111,
    "22": 0.1111111111111111,
    "30": 0.25925925925925924,
    "36": 0.1111111111111111,
    "73": 0.1111111111111111,
    "78": 0.14814814814814814,
    "84": 0.1111111111111111,
    "90": 0.14814814814814814,
    "94": 0.18518518518518517,
    "117": 0.07407407407407407,
    "118": 0.14814814814814814,
    "120": 0.14814814814814814,
    "5": 0.2962962962962963,
    "9": 0.25925925925925924,
    "25": 0.07407407407407407,
    "28": 0.1111111111111111,
    "33": 0.18518518518518517,
    "39": 0.1111111111111111,
    "64": 0.1111111111111111,
    "65": 0.1111111111111111,
    "69": 0.1111111111111111,
    "70": 0.25925925925925924,
    "101": 0.14814814814814814,
    "121": 0.1111111111111111,
    "7": 0.1111111111111111,
    "16": 0.1111111111111111,
    "27": 0.14814814814814814,
    "34": 0.25925925925925924,
    "35": 0.1111111111111111,
    "43": 0.25925925925925924,
    "49": 0.18518518518518517,
    "67": 0.07407407407407407,
    "68": 0.18518518518518517,
    "80": 0.18518518518518517,
    "81": 0.18518518518518517,
    "110": 0.14814814814814814,
    "3": 0.2222222222222222,
    "6": 0.18518518518518517,
    "8": 0.2962962962962963,
    "13": 0.2222222222222222,
    "17": 0.1111111111111111,
    "19": 0.14814814814814814,
    "38": 0.2222222222222222,
    "72": 0.14814814814814814,
    "95": 0.18518518518518517,
    "98": 0.18518518518518517,
    "107": 0.1111111111111111,
    "112": 0.07407407407407407,
    "46": 0.18518518518518517,
    "50": 0.2222222222222222,
    "54": 0.14814814814814814,
    "61": 0.25925925925925924,
    "79": 0.14814814814814814,
    "83": 0.18518518518518517,
    "85": 0.18518518518518517,
    "96": 0.1111111111111111,
    "97": 0.2222222222222222,
    "105": 0.18518518518518517,
    "113": 0.14814814814814814,
    "119": 0.14814814814814814,
    "32": 0.1111111111111111,
    "41": 0.1111111111111111,
    "48": 0.14814814814814814,
    "57": 0.18518518518518517,
    "58": 0.2222222222222222,
    "59": 0.07407407407407407,
    "63": 0.07407407407407407,
    "75": 0.2962962962962963,
    "88": 0.2222222222222222,
    "104": 0.14814814814814814,
    "114": 0.1111111111111111,
    "115": 0.2222222222222222,
    "1": 0.25925925925925924,
    "2": 0.1111111111111111,
    "21": 0.14814814814814814,
    "23": 0.2222222222222222,
    "29": 0.14814814814814814,
    "37": 0.1111111111111111,
    "52": 0.037037037037037035,
    "87": 0.07407407407407407,
    "99": 0.2222222222222222,
    "103": 0.2222222222222222,
    "109": 0.07407407407407407,
    "111": 0.1111111111111111,
    "14": 0.1111111111111111,
    "20": 0.14814814814814814,
    "51": 0.3333333333333333,
    "60": 0.25925925925925924,
    "71": 0.18518518518518517,
    "74": 0.07407407407407407,
    "82": 0.1111111111111111,
    "86": 0.07407407407407407,
    "92": 0.18518518518518517,
    "102": 0.1111111111111111,
    "106": 0.1111111111111111,
    "122": 0.14814814814814814
  },
  "per_subject_support": {
    "4": 27,
    "10": 27,
    "18": 27,
    "31": 27,
    "40": 27,
    "45": 27,
    "47": 27,
    "53": 27,
    "55": 27,
    "62": 27,
    "76": 27,
    "89": 27,
    "100": 27,
    "0": 27,
    "11": 27,
    "24": 27,
    "26": 27,
    "42": 27,
    "44": 27,
    "56": 27,
    "66": 27,
    "77": 27,
    "91": 27,
    "93": 27,
    "108": 27,
    "116": 27,
    "12": 27,
    "15": 27,
    "22": 27,
    "30": 27,
    "36": 27,
    "73": 27,
    "78": 27,
    "84": 27,
    "90": 27,
    "94": 27,
    "117": 27,
    "118": 27,
    "120": 27,
    "5": 27,
    "9": 27,
    "25": 27,
    "28": 27,
    "33": 27,
    "39": 27,
    "64": 27,
    "65": 27,
    "69": 27,
    "70": 27,
    "101": 27,
    "121": 27,
    "7": 27,
    "16": 27,
    "27": 27,
    "34": 27,
    "35": 27,
    "43": 27,
    "49": 27,
    "67": 27,
    "68": 27,
    "80": 27,
    "81": 27,
    "110": 27,
    "3": 27,
    "6": 27,
    "8": 27,
    "13": 27,
    "17": 27,
    "19": 27,
    "38": 27,
    "72": 27,
    "95": 27,
    "98": 27,
    "107": 27,
    "112": 27,
    "46": 27,
    "50": 27,
    "54": 27,
    "61": 27,
    "79": 27,
    "83": 27,
    "85": 27,
    "96": 27,
    "97": 27,
    "105": 27,
    "113": 27,
    "119": 27,
    "32": 27,
    "41": 27,
    "48": 27,
    "57": 27,
    "58": 27,
    "59": 27,
    "63": 27,
    "75": 27,
    "88": 27,
    "104": 27,
    "114": 27,
    "115": 27,
    "1": 27,
    "2": 27,
    "21": 27,