{
  "approach": "jade",
  "task": "9-class",
  "dataset": "faced",
  "run_stem": "jade_faced_9-class_w10s10_pool_no_r16_a0.3_t0.2_context_b256_lr0.0004_fullft_gen_avg",
  "completed_at": "2026-05-31T12:09:38.677255",
  "gen_seeds": [
    123,
    789
  ],
  "n_seeds": 2,
  "n_subjects": 123,
  "subject_wise": {
    "mean_acc": 0.158837699488106,
    "std_acc": 0.0471838499095541,
    "min_acc": 0.07407407407407407,
    "max_acc": 0.2962962962962963
  },
  "window_wise_acc": 0.158837699488106,
  "classification_report": {
    "labels": [
      0,
      1,
      2,
      3,
      4,
      5,
      6,
      7,
      8
    ],
    "confusion_matrix": [
      [
        31,
        211,
        20,
        58,
        149,
        94,
        37,
        73,
        65
      ],
      [
        44,
        183,
        19,
        79,
        184,
        96,
        25,
        51,
        57
      ],
      [
        25,
        138,
        28,
        185,
        111,
        107,
        16,
        56,
        72
      ],
      [
        43,
        133,
        30,
        124,
        151,
        101,
        25,
        75,
        56
      ],
      [
        28,
        129,
        20,
        110,
        262,
        62,
        34,
        52,
        41
      ],
      [
        14,
        67,
        47,
        74,
        131,
        153,
        27,
        117,
        108
      ],
      [
        70,
        105,
        24,
        135,
        193,
        66,
        32,
        33,
        80
      ],
      [
        44,
        131,
        34,
        86,
        165,
        50,
        30,
        140,
        58
      ],
      [
        37,
        48,
        62,
        67,
        143,
        166,
        34,
        79,
        102
      ]
    ],
    "per_class": {
      "precision": [
        0.0923,
        0.1598,
        0.0986,
        0.1351,
        0.176,
        0.1709,
        0.1231,
        0.2071,
        0.1596
      ],
      "recall": [
        0.042,
        0.248,
        0.0379,
        0.168,
        0.355,
        0.2073,
        0.0434,
        0.1897,
        0.1382
      ],
      "f1": [
        0.0577,
        0.1944,
        0.0548,
        0.1498,
        0.2353,
        0.1874,
        0.0641,
        0.198,
        0.1481
      ],
      "support": [
        738,
        738,
        738,
        738,
        738,
        738,
        738,
        738,
        738
      ]
    },
    "macro": {
      "precision": 0.1469,
      "recall": 0.1588,
      "f1": 0.1433,
      "auroc": 0.5292
    },
    "auroc_per_class": [
      0.4773,
      0.5792,
      0.4276,
      0.5206,
      0.5978,
      0.5672,
      0.458,
      0.5985,
      0.5371
    ]
  },
  "per_subject_acc": {
    "4": 0.2222222222222222,
    "10": 0.16666666666666666,
    "18": 0.12962962962962962,
    "31": 0.09259259259259259,
    "40": 0.14814814814814814,
    "45": 0.2222222222222222,
    "47": 0.12962962962962962,
    "53": 0.25925925925925924,
    "55": 0.18518518518518517,
    "62": 0.14814814814814814,
    "76": 0.07407407407407407,
    "89": 0.1111111111111111,
    "100": 0.14814814814814814,
    "0": 0.18518518518518517,
    "11": 0.18518518518518517,
    "24": 0.25925925925925924,
    "26": 0.12962962962962962,
    "42": 0.12962962962962962,
    "44": 0.12962962962962962,
    "56": 0.1111111111111111,
    "66": 0.2037037037037037,
    "77": 0.2037037037037037,
    "91": 0.07407407407407407,
    "93": 0.09259259259259259,
    "108": 0.09259259259259259,
    "116": 0.07407407407407407,
    "12": 0.14814814814814814,
    "15": 0.14814814814814814,
    "22": 0.14814814814814814,
    "30": 0.2037037037037037,
    "36": 0.07407407407407407,
    "73": 0.1111111111111111,
    "78": 0.18518518518518517,
    "84": 0.1111111111111111,
    "90": 0.14814814814814814,
    "94": 0.16666666666666666,
    "117": 0.14814814814814814,
    "118": 0.18518518518518517,
    "120": 0.12962962962962962,
    "5": 0.2222222222222222,
    "9": 0.18518518518518517,
    "25": 0.1111111111111111,
    "28": 0.12962962962962962,
    "33": 0.09259259259259259,
    "39": 0.14814814814814814,
    "64": 0.16666666666666666,
    "65": 0.12962962962962962,
    "69": 0.1111111111111111,
    "70": 0.18518518518518517,
    "101": 0.2222222222222222,
    "121": 0.14814814814814814,
    "7": 0.07407407407407407,
    "16": 0.18518518518518517,
    "27": 0.2037037037037037,
    "34": 0.2037037037037037,
    "35": 0.12962962962962962,
    "43": 0.24074074074074073,
    "49": 0.16666666666666666,
    "67": 0.09259259259259259,
    "68": 0.16666666666666666,
    "80": 0.16666666666666666,
    "81": 0.16666666666666666,
    "110": 0.1111111111111111,
    "3": 0.16666666666666666,
    "6": 0.2037037037037037,
    "8": 0.2962962962962963,
    "13": 0.18518518518518517,
    "17": 0.14814814814814814,
    "19": 0.12962962962962962,
    "38": 0.18518518518518517,
    "72": 0.14814814814814814,
    "95": 0.18518518518518517,
    "98": 0.18518518518518517,
    "107": 0.14814814814814814,
    "112": 0.09259259259259259,
    "46": 0.2037037037037037,
    "50": 0.16666666666666666,
    "54": 0.2222222222222222,
    "61": 0.24074074074074073,
    "79": 0.16666666666666666,
    "83": 0.14814814814814814,
    "85": 0.14814814814814814,
    "96": 0.14814814814814814,
    "97": 0.14814814814814814,
    "105": 0.2037037037037037,
    "113": 0.18518518518518517,
    "119": 0.12962962962962962,
    "32": 0.2037037037037037,
    "41": 0.16666666666666666,
    "48": 0.2037037037037037,
    "57": 0.18518518518518517,
    "58": 0.25925925925925924,
    "59": 0.07407407407407407,
    "63": 0.1111111111111111,
    "75": 0.2037037037037037,
    "88": 0.18518518518518517,
    "104": 0.14814814814814814,
    "114": 0.12962962962962962,
    "115": 0.2222222222222222,
    "1": 0.2037037037037037,
    "2": 0.12962962962962962,
    "21": 0.14814814814814814,
    "23": 0.18518518518518517,
    "29": 0.12962962962962962,
    "37": 0.16666666666666666,
    "52": 0.09259259259259259,
    "87": 0.07407407407407407,
    "99": 0.2222222222222222,
    "103": 0.2222222222222222,
    "109": 0.1111111111111111,
    "111": 0.14814814814814814,
    "14": 0.14814814814814814,
    "20": 0.16666666666666666,
    "51": 0.24074074074074073,
    "60": 0.18518518518518517,
    "71": 0.2037037037037037,
    "74": 0.12962962962962962,
    "82": 0.09259259259259259,
    "86": 0.07407407407407407,
    "92": 0.14814814814814814,
    "102": 0.18518518518518517,
    "106": 0.1111111111111111,
    "122": 0.16666666666666666
  },
  "per_subject_support": {
    "0": 54,
    "1": 54,
    "2": 54,
    "3": 54,
    "4": 54,
    "5": 54,
    "6": 54,
    "7": 54,
    "8": 54,
    "9": 54,
    "10": 54,
    "11": 54,
    "12": 54,
    "13": 54,
    "14": 54,
    "15": 54,
    "16": 54,
    "17": 54,
    "18": 54,
    "19": 54,
    "20": 54,
    "21": 54,
    "22": 54,
    "23": 54,
    "24": 54,
    "25": 54,
    "26": 54,
    "27": 54,
    "28": 54,
    "29": 54,
    "30": 54,
    "31": 54,
    "32": 54,
    "33": 54,
    "34": 54,
    "35": 54,
    "36": 54,
    "37": 54,
    "38": 54,
    "39": 54,
    "40": 54,
    "41": 54,
    "42": 54,
    "43": 54,
    "44": 54,
    "45": 54,
    "46": 54,
    "47": 54,
    "48": 54,
    "49": 54,
    "50": 54,
    "51": 54,
    "52": 54,
    "53": 54,
    "54": 54,
    "55": 54,
    "56": 54,
    "57": 54,
    "58": 54,
    "59": 54,
    "60": 54,
    "61": 54,
    "62": 54,
    "63": 54,
    "64": 54,
    "65": 54,
    "66": 54,
    "67": 54,
    "68": 54,
    "69": 54,
    "70": 54,
    "71": 54,
    "72": 54,
    "73": 54,
    "74": 54,
    "75": 54,
    "76": 54,
    "77": 54,
    "78": 54,
    "79": 54,
    "80": 54,
    "81": 54,
    "82": 54,
    "83": 54,
    "84": 54,
    "85": 54,
    "86": 54,
    "87": 54,
    "88": 54,
    "89": 54,
    "90": 54,
    "91": 54,
    "92": 54,
    "93": 54,
    "94": 54,
    "95": 54,
    "96": 54,
    "97": 54,
    "98": 54,
    "99": 54,